date,symbol,strategy,close,score,first_seen,appearances,active,is_new
2026-08-29,MNRB.KL,early_uptrend,3.03,84.9,2026-08-29,1,0,True
2026-08-29,MNHLDG.KL,trending,3.47,89.2,2026-08-29,1,0,True
2026-08-29,HEGROUP.KL,trending,0.85,89.1,2026-08-29,1,0,True
2026-08-29,VITROX.KL,trending,9.23,88.9,2026-08-29,1,0,True
2026-08-29,MIKROMB.KL,trending,0.59,88.9,2026-08-29,1,0,True
2026-08-29,ECA.KL,trending,0.405,88.3,2026-08-29,1,0,True
2026-08-29,CPETECH.KL,gaining_momentum,1.21,85.6,2026-08-29,1,0,True
2026-08-29,TIMWELL.KL,trending,2.0,85.4,2026-08-29,1,0,True
2026-08-29,WTK.KL,gaining_momentum,1.09,85.1,2026-08-29,1,0,True
2026-08-29,GCB.KL,gaining_momentum,1.4,85.0,2026-08-29,1,0,True
2026-08-29,CHB.KL,trending,2.05,87.2,2026-08-29,1,0,True
2026-08-29,HKB.KL,early_uptrend,0.625,83.2,2026-08-29,1,0,True
2026-08-29,MCLEAN.KL,early_uptrend,0.755,85.6,2026-08-29,1,0,True
2026-08-29,YEWLEE.KL,early_uptrend,0.63,81.6,2026-08-29,1,0,True
2026-08-29,HKB.KL,reversal,0.625,73.9,2026-08-29,1,0,True
2026-08-29,ALLIANZ,trending,21.9,,2026-08-29,1,0,True
2026-08-29,MKH,trending,1.99,,2026-08-29,1,0,True
2026-08-29,SCICOM,trending,2.29,,2026-08-29,1,0,True
2026-08-29,MKHOP,trending,0.66,,2026-08-29,1,0,True
2026-08-29,AIMFLEX,trending,0.13,,2026-08-29,1,0,True
2026-08-29,HLBANK,trending,23.5,,2026-08-29,1,0,True
2026-08-29,KLK,trending,22.0,,2026-08-29,1,0,True
2026-08-29,WTK,trending,1.09,,2026-08-29,1,0,True
2026-08-29,MI,trending,6.13,,2026-08-29,1,0,True
2026-08-29,OPPSTAR,trending,0.77,,2026-08-29,1,0,True
2026-08-29,TMK,trending,2.94,,2026-08-29,1,0,True
2026-08-29,JAKS,trending,0.125,,2026-08-29,1,0,True
2026-08-29,IOICORP,trending,4.68,,2026-08-29,1,0,True
2026-08-29,GCB,trending,1.4,,2026-08-29,1,0,True
2026-08-29,MNHLDG,trending,3.47,,2026-08-29,1,0,True
2026-08-29,GIIB,trending,0.48,,2026-08-29,1,0,True
2026-08-29,HENGYUAN,trending,1.95,,2026-08-29,1,0,True
2026-08-29,ECA,trending,0.405,,2026-08-29,1,0,True
2026-08-29,OSK,trending,2.07,,2026-08-29,1,0,True
2026-08-29,MFLOUR,trending,0.69,,2026-08-29,1,0,True
2026-08-29,LWSABAH,trending,1.62,,2026-08-29,1,0,True
2026-08-29,SSB8,trending,0.6,,2026-08-29,1,0,True
2026-08-29,SAMAIDEN,trending,1.71,,2026-08-29,1,0,True
2026-08-29,PA,trending,0.225,,2026-08-29,1,0,True
2026-08-29,SDCG,trending,0.75,,2026-08-29,1,0,True
2026-08-29,YEWLEE,trending,0.63,,2026-08-29,1,0,True
2026-08-29,PWRWELL,trending,1.03,,2026-08-29,1,0,True
2026-08-29,KGB,trending,9.2,,2026-08-29,1,0,True
2026-08-29,M&G,trending,0.3,,2026-08-29,1,0,True
2026-08-29,MIKROMB,trending,0.59,,2026-08-29,1,0,True
2026-08-29,KEYASIC,trending,0.06,,2026-08-29,1,0,True
2026-08-29,SUNCON,trending,8.19,,2026-08-29,1,0,True
2026-08-29,CHB,trending,2.05,,2026-08-29,1,0,True
2026-08-29,VITROX,trending,9.23,,2026-08-29,1,0,True
2026-08-29,JAG,trending,0.375,,2026-08-29,1,0,True
2026-08-29,SOP,trending,5.35,,2026-08-29,1,0,True
2026-08-29,LAGENDA,trending,1.53,,2026-08-29,1,0,True
2026-08-29,WPRTS,trending,6.95,,2026-08-29,1,0,True
2026-08-29,TIMWELL,trending,2.0,,2026-08-29,1,0,True
2026-08-29,RANHILL,trending,2.51,,2026-08-29,1,0,True
2026-08-29,YTL,trending,2.48,,2026-08-29,1,0,True
2026-08-29,SUNLOGY,trending,0.395,,2026-08-29,1,0,True
2026-08-29,JHM,trending,0.485,,2026-08-29,1,0,True
2026-08-29,SCGBHD,trending,2.53,,2026-08-29,1,0,True
2026-08-29,PJBUMI,trending,3.89,,2026-08-29,1,0,True
2026-08-29,HEGROUP,trending,0.85,,2026-08-29,1,0,True
2026-08-29,DUFU,trending,2.7,,2026-08-29,1,0,True
2026-08-29,JTGROUP,trending,0.94,,2026-08-29,1,0,True
2026-08-29,CPETECH,trending,1.21,,2026-08-29,1,0,True
2026-08-29,ICTZONE,trending,0.26,,2026-08-29,1,0,True
2026-08-29,TSH,trending,1.34,,2026-08-29,1,0,True
2026-08-29,MNRB,trending,3.03,,2026-08-29,1,0,True
2026-08-29,IJM,trending,2.82,,2026-08-29,1,0,True
2026-08-29,CNERGEN,trending,0.855,,2026-08-29,1,0,True
2026-08-29,JCY,trending,0.51,,2026-08-29,1,0,True
2026-08-29,VIS,trending,0.425,,2026-08-29,1,0,True
2026-08-29,BNASTRA,trending,2.4,,2026-08-29,1,0,True
2026-08-29,ABMB,early_uptrend,4.92,,2026-08-29,1,0,True
2026-08-29,HLFG,early_uptrend,19.0,,2026-08-29,1,0,True
2026-08-29,WASCO,reversal,0.76,,2026-08-29,1,0,True
2026-08-29,KSL,reversal,2.88,,2026-08-29,1,0,True
2026-08-29,PMBTECH,reversal,1.79,,2026-08-29,1,0,True
2026-08-29,UNISEM,reversal,4.45,,2026-08-29,1,0,True
2026-08-29,ELRIDGE,reversal,0.85,,2026-08-29,1,0,True
2026-08-29,SJC,reversal,0.5,,2026-08-29,1,0,True
2026-08-29,SPRITZER,gaining_momentum,3.55,,2026-08-29,1,0,True
2026-08-29,NIHSIN,gaining_momentum,0.195,,2026-08-29,1,0,True
2026-08-29,SIME,gaining_momentum,2.6,,2026-08-29,1,0,True
2026-08-29,INARI,gaining_momentum,2.56,,2026-08-29,1,0,True
2026-08-29,MEGAFB,gaining_momentum,2.3,,2026-08-29,1,0,True
2026-08-29,TGUAN,gaining_momentum,1.63,,2026-08-29,1,0,True
2026-08-29,WELLCHIP,gaining_momentum,1.18,,2026-08-29,1,0,True
2026-08-29,ALLIANZ,trending,21.9,,2026-08-29,2,0,False
2026-08-29,MKH,trending,1.99,,2026-08-29,2,0,False
2026-08-29,SCICOM,trending,2.29,,2026-08-29,2,0,False
2026-08-29,MKHOP,trending,0.66,,2026-08-29,2,0,False
2026-08-29,AIMFLEX,trending,0.13,,2026-08-29,2,0,False
2026-08-29,HLBANK,trending,23.5,,2026-08-29,2,0,False
2026-08-29,KLK,trending,22.0,,2026-08-29,2,0,False
2026-08-29,WTK,trending,1.09,,2026-08-29,2,0,False
2026-08-29,MI,trending,6.13,,2026-08-29,2,0,False
2026-08-29,OPPSTAR,trending,0.77,,2026-08-29,2,0,False
2026-08-29,TMK,trending,2.94,,2026-08-29,2,0,False
2026-08-29,JAKS,trending,0.125,,2026-08-29,2,0,False
2026-08-29,IOICORP,trending,4.68,,2026-08-29,2,0,False
2026-08-29,GCB,trending,1.4,,2026-08-29,2,0,False
2026-08-29,MNHLDG,trending,3.47,,2026-08-29,2,0,False
2026-08-29,GIIB,trending,0.48,,2026-08-29,2,0,False
2026-08-29,HENGYUAN,trending,1.95,,2026-08-29,2,0,False
2026-08-29,ECA,trending,0.405,,2026-08-29,2,0,False
2026-08-29,OSK,trending,2.07,,2026-08-29,2,0,False
2026-08-29,MFLOUR,trending,0.69,,2026-08-29,2,0,False
2026-08-29,LWSABAH,trending,1.62,,2026-08-29,2,0,False
2026-08-29,SSB8,trending,0.6,,2026-08-29,2,0,False
2026-08-29,SAMAIDEN,trending,1.71,,2026-08-29,2,0,False
2026-08-29,PA,trending,0.225,,2026-08-29,2,0,False
2026-08-29,SDCG,trending,0.75,,2026-08-29,2,0,False
2026-08-29,YEWLEE,trending,0.63,,2026-08-29,2,0,False
2026-08-29,PWRWELL,trending,1.03,,2026-08-29,2,0,False
2026-08-29,KGB,trending,9.2,,2026-08-29,2,0,False
2026-08-29,M&G,trending,0.3,,2026-08-29,2,0,False
2026-08-29,MIKROMB,trending,0.59,,2026-08-29,2,0,False
2026-08-29,KEYASIC,trending,0.06,,2026-08-29,2,0,False
2026-08-29,SUNCON,trending,8.19,,2026-08-29,2,0,False
2026-08-29,CHB,trending,2.05,,2026-08-29,2,0,False
2026-08-29,VITROX,trending,9.23,,2026-08-29,2,0,False
2026-08-29,JAG,trending,0.375,,2026-08-29,2,0,False
2026-08-29,SOP,trending,5.35,,2026-08-29,2,0,False
2026-08-29,LAGENDA,trending,1.53,,2026-08-29,2,0,False
2026-08-29,WPRTS,trending,6.95,,2026-08-29,2,0,False
2026-08-29,TIMWELL,trending,2.0,,2026-08-29,2,0,False
2026-08-29,RANHILL,trending,2.51,,2026-08-29,2,0,False
2026-08-29,YTL,trending,2.48,,2026-08-29,2,0,False
2026-08-29,SUNLOGY,trending,0.395,,2026-08-29,2,0,False
2026-08-29,JHM,trending,0.485,,2026-08-29,2,0,False
2026-08-29,SCGBHD,trending,2.53,,2026-08-29,2,0,False
2026-08-29,PJBUMI,trending,3.89,,2026-08-29,2,0,False
2026-08-29,HEGROUP,trending,0.85,,2026-08-29,2,0,False
2026-08-29,DUFU,trending,2.7,,2026-08-29,2,0,False
2026-08-29,JTGROUP,trending,0.94,,2026-08-29,2,0,False
2026-08-29,CPETECH,trending,1.21,,2026-08-29,2,0,False
2026-08-29,ICTZONE,trending,0.26,,2026-08-29,2,0,False
2026-08-29,TSH,trending,1.34,,2026-08-29,2,0,False
2026-08-29,MNRB,trending,3.03,,2026-08-29,2,0,False
2026-08-29,IJM,trending,2.82,,2026-08-29,2,0,False
2026-08-29,CNERGEN,trending,0.855,,2026-08-29,2,0,False
2026-08-29,JCY,trending,0.51,,2026-08-29,2,0,False
2026-08-29,VIS,trending,0.425,,2026-08-29,2,0,False
2026-08-29,BNASTRA,trending,2.4,,2026-08-29,2,0,False
2026-08-29,ABMB,early_uptrend,4.92,,2026-08-29,2,0,False
2026-08-29,HLFG,early_uptrend,19.0,,2026-08-29,2,0,False
2026-08-29,WASCO,reversal,0.76,,2026-08-29,2,0,False
2026-08-29,KSL,reversal,2.88,,2026-08-29,2,0,False
2026-08-29,PMBTECH,reversal,1.79,,2026-08-29,2,0,False
2026-08-29,UNISEM,reversal,4.45,,2026-08-29,2,0,False
2026-08-29,ELRIDGE,reversal,0.85,,2026-08-29,2,0,False
2026-08-29,SJC,reversal,0.5,,2026-08-29,2,0,False
2026-08-29,SPRITZER,gaining_momentum,3.55,,2026-08-29,2,0,False
2026-08-29,NIHSIN,gaining_momentum,0.195,,2026-08-29,2,0,False
2026-08-29,SIME,gaining_momentum,2.6,,2026-08-29,2,0,False
2026-08-29,INARI,gaining_momentum,2.56,,2026-08-29,2,0,False
2026-08-29,MEGAFB,gaining_momentum,2.3,,2026-08-29,2,0,False
2026-08-29,TGUAN,gaining_momentum,1.63,,2026-08-29,2,0,False
2026-08-29,WELLCHIP,gaining_momentum,1.18,,2026-08-29,2,0,False
2026-08-30,ALLIANZ,trending,21.9,,2026-08-29,3,0,False
2026-08-30,MKH,trending,1.99,,2026-08-29,3,0,False
2026-08-30,SCICOM,trending,2.29,,2026-08-29,3,0,False
2026-08-30,MKHOP,trending,0.66,,2026-08-29,3,0,False
2026-08-30,AIMFLEX,trending,0.13,,2026-08-29,3,0,False
2026-08-30,HLBANK,trending,23.5,,2026-08-29,3,0,False
2026-08-30,KLK,trending,22.0,,2026-08-29,3,0,False
2026-08-30,WTK,trending,1.09,,2026-08-29,3,0,False
2026-08-30,MI,trending,6.13,,2026-08-29,3,0,False
2026-08-30,OPPSTAR,trending,0.77,,2026-08-29,3,0,False
2026-08-30,TMK,trending,2.94,,2026-08-29,3,0,False
2026-08-30,JAKS,trending,0.125,,2026-08-29,3,0,False
2026-08-30,IOICORP,trending,4.68,,2026-08-29,3,0,False
2026-08-30,GCB,trending,1.4,,2026-08-29,3,0,False
2026-08-30,MNHLDG,trending,3.47,,2026-08-29,3,0,False
2026-08-30,GIIB,trending,0.48,,2026-08-29,3,0,False
2026-08-30,HENGYUAN,trending,1.95,,2026-08-29,3,0,False
2026-08-30,ECA,trending,0.405,,2026-08-29,3,0,False
2026-08-30,OSK,trending,2.07,,2026-08-29,3,0,False
2026-08-30,MFLOUR,trending,0.69,,2026-08-29,3,0,False
2026-08-30,LWSABAH,trending,1.62,,2026-08-29,3,0,False
2026-08-30,SSB8,trending,0.6,,2026-08-29,3,0,False
2026-08-30,SAMAIDEN,trending,1.71,,2026-08-29,3,0,False
2026-08-30,PA,trending,0.225,,2026-08-29,3,0,False
2026-08-30,SDCG,trending,0.75,,2026-08-29,3,0,False
2026-08-30,YEWLEE,trending,0.63,,2026-08-29,3,0,False
2026-08-30,PWRWELL,trending,1.03,,2026-08-29,3,0,False
2026-08-30,KGB,trending,9.2,,2026-08-29,3,0,False
2026-08-30,M&G,trending,0.3,,2026-08-29,3,0,False
2026-08-30,MIKROMB,trending,0.59,,2026-08-29,3,0,False
2026-08-30,KEYASIC,trending,0.06,,2026-08-29,3,0,False
2026-08-30,SUNCON,trending,8.19,,2026-08-29,3,0,False
2026-08-30,CHB,trending,2.05,,2026-08-29,3,0,False
2026-08-30,VITROX,trending,9.23,,2026-08-29,3,0,False
2026-08-30,JAG,trending,0.375,,2026-08-29,3,0,False
2026-08-30,SOP,trending,5.35,,2026-08-29,3,0,False
2026-08-30,LAGENDA,trending,1.53,,2026-08-29,3,0,False
2026-08-30,WPRTS,trending,6.95,,2026-08-29,3,0,False
2026-08-30,TIMWELL,trending,2.0,,2026-08-29,3,0,False
2026-08-30,RANHILL,trending,2.51,,2026-08-29,3,0,False
2026-08-30,YTL,trending,2.48,,2026-08-29,3,0,False
2026-08-30,SUNLOGY,trending,0.395,,2026-08-29,3,0,False
2026-08-30,JHM,trending,0.485,,2026-08-29,3,0,False
2026-08-30,SCGBHD,trending,2.53,,2026-08-29,3,0,False
2026-08-30,PJBUMI,trending,3.89,,2026-08-29,3,0,False
2026-08-30,HEGROUP,trending,0.85,,2026-08-29,3,0,False
2026-08-30,DUFU,trending,2.7,,2026-08-29,3,0,False
2026-08-30,JTGROUP,trending,0.94,,2026-08-29,3,0,False
2026-08-30,CPETECH,trending,1.21,,2026-08-29,3,0,False
2026-08-30,ICTZONE,trending,0.26,,2026-08-29,3,0,False
2026-08-30,TSH,trending,1.34,,2026-08-29,3,0,False
2026-08-30,MNRB,trending,3.03,,2026-08-29,3,0,False
2026-08-30,IJM,trending,2.82,,2026-08-29,3,0,False
2026-08-30,CNERGEN,trending,0.855,,2026-08-29,3,0,False
2026-08-30,JCY,trending,0.51,,2026-08-29,3,0,False
2026-08-30,VIS,trending,0.425,,2026-08-29,3,0,False
2026-08-30,BNASTRA,trending,2.4,,2026-08-29,3,0,False
2026-08-30,ABMB,early_uptrend,4.92,,2026-08-29,3,0,False
2026-08-30,HLFG,early_uptrend,19.0,,2026-08-29,3,0,False
2026-08-30,WASCO,reversal,0.76,,2026-08-29,3,0,False
2026-08-30,KSL,reversal,2.88,,2026-08-29,3,0,False
2026-08-30,PMBTECH,reversal,1.79,,2026-08-29,3,0,False
2026-08-30,UNISEM,reversal,4.45,,2026-08-29,3,0,False
2026-08-30,ELRIDGE,reversal,0.85,,2026-08-29,3,0,False
2026-08-30,SJC,reversal,0.5,,2026-08-29,3,0,False
2026-08-30,SPRITZER,gaining_momentum,3.55,,2026-08-29,3,0,False
2026-08-30,NIHSIN,gaining_momentum,0.195,,2026-08-29,3,0,False
2026-08-30,SIME,gaining_momentum,2.6,,2026-08-29,3,0,False
2026-08-30,INARI,gaining_momentum,2.56,,2026-08-29,3,0,False
2026-08-30,MEGAFB,gaining_momentum,2.3,,2026-08-29,3,0,False
2026-08-30,TGUAN,gaining_momentum,1.63,,2026-08-29,3,0,False
2026-08-30,WELLCHIP,gaining_momentum,1.18,,2026-08-29,3,0,False
2026-08-30,ALLIANZ,trending,21.9,,2026-08-29,4,0,False
2026-08-30,MKH,trending,1.99,,2026-08-29,4,0,False
2026-08-30,SCICOM,trending,2.29,,2026-08-29,4,0,False
2026-08-30,MKHOP,trending,0.66,,2026-08-29,4,0,False
2026-08-30,AIMFLEX,trending,0.13,,2026-08-29,4,0,False
2026-08-30,HLBANK,trending,23.5,,2026-08-29,4,0,False
2026-08-30,KLK,trending,22.0,,2026-08-29,4,0,False
2026-08-30,WTK,trending,1.09,,2026-08-29,4,0,False
2026-08-30,MI,trending,6.13,,2026-08-29,4,0,False
2026-08-30,OPPSTAR,trending,0.77,,2026-08-29,4,0,False
2026-08-30,TMK,trending,2.94,,2026-08-29,4,0,False
2026-08-30,JAKS,trending,0.125,,2026-08-29,4,0,False
2026-08-30,IOICORP,trending,4.68,,2026-08-29,4,0,False
2026-08-30,GCB,trending,1.4,,2026-08-29,4,0,False
2026-08-30,MNHLDG,trending,3.47,,2026-08-29,4,0,False
2026-08-30,GIIB,trending,0.48,,2026-08-29,4,0,False
2026-08-30,HENGYUAN,trending,1.95,,2026-08-29,4,0,False
2026-08-30,ECA,trending,0.405,,2026-08-29,4,0,False
2026-08-30,OSK,trending,2.07,,2026-08-29,4,0,False
2026-08-30,MFLOUR,trending,0.69,,2026-08-29,4,0,False
2026-08-30,LWSABAH,trending,1.62,,2026-08-29,4,0,False
2026-08-30,SSB8,trending,0.6,,2026-08-29,4,0,False
2026-08-30,SAMAIDEN,trending,1.71,,2026-08-29,4,0,False
2026-08-30,PA,trending,0.225,,2026-08-29,4,0,False
2026-08-30,SDCG,trending,0.75,,2026-08-29,4,0,False
2026-08-30,YEWLEE,trending,0.63,,2026-08-29,4,0,False
2026-08-30,PWRWELL,trending,1.03,,2026-08-29,4,0,False
2026-08-30,KGB,trending,9.2,,2026-08-29,4,0,False
2026-08-30,M&G,trending,0.3,,2026-08-29,4,0,False
2026-08-30,MIKROMB,trending,0.59,,2026-08-29,4,0,False
2026-08-30,KEYASIC,trending,0.06,,2026-08-29,4,0,False
2026-08-30,SUNCON,trending,8.19,,2026-08-29,4,0,False
2026-08-30,CHB,trending,2.05,,2026-08-29,4,0,False
2026-08-30,VITROX,trending,9.23,,2026-08-29,4,0,False
2026-08-30,JAG,trending,0.375,,2026-08-29,4,0,False
2026-08-30,SOP,trending,5.35,,2026-08-29,4,0,False
2026-08-30,LAGENDA,trending,1.53,,2026-08-29,4,0,False
2026-08-30,WPRTS,trending,6.95,,2026-08-29,4,0,False
2026-08-30,TIMWELL,trending,2.0,,2026-08-29,4,0,False
2026-08-30,RANHILL,trending,2.51,,2026-08-29,4,0,False
2026-08-30,YTL,trending,2.48,,2026-08-29,4,0,False
2026-08-30,SUNLOGY,trending,0.395,,2026-08-29,4,0,False
2026-08-30,JHM,trending,0.485,,2026-08-29,4,0,False
2026-08-30,SCGBHD,trending,2.53,,2026-08-29,4,0,False
2026-08-30,PJBUMI,trending,3.89,,2026-08-29,4,0,False
2026-08-30,HEGROUP,trending,0.85,,2026-08-29,4,0,False
2026-08-30,DUFU,trending,2.7,,2026-08-29,4,0,False
2026-08-30,JTGROUP,trending,0.94,,2026-08-29,4,0,False
2026-08-30,CPETECH,trending,1.21,,2026-08-29,4,0,False
2026-08-30,ICTZONE,trending,0.26,,2026-08-29,4,0,False
2026-08-30,TSH,trending,1.34,,2026-08-29,4,0,False
2026-08-30,MNRB,trending,3.03,,2026-08-29,4,0,False
2026-08-30,IJM,trending,2.82,,2026-08-29,4,0,False
2026-08-30,CNERGEN,trending,0.855,,2026-08-29,4,0,False
2026-08-30,JCY,trending,0.51,,2026-08-29,4,0,False
2026-08-30,VIS,trending,0.425,,2026-08-29,4,0,False
2026-08-30,BNASTRA,trending,2.4,,2026-08-29,4,0,False
2026-08-30,ABMB,early_uptrend,4.92,,2026-08-29,4,0,False
2026-08-30,HLFG,early_uptrend,19.0,,2026-08-29,4,0,False
2026-08-30,WASCO,reversal,0.76,,2026-08-29,4,0,False
2026-08-30,KSL,reversal,2.88,,2026-08-29,4,0,False
2026-08-30,PMBTECH,reversal,1.79,,2026-08-29,4,0,False
2026-08-30,UNISEM,reversal,4.45,,2026-08-29,4,0,False
2026-08-30,ELRIDGE,reversal,0.85,,2026-08-29,4,0,False
2026-08-30,SJC,reversal,0.5,,2026-08-29,4,0,False
2026-08-30,SPRITZER,gaining_momentum,3.55,,2026-08-29,4,0,False
2026-08-30,NIHSIN,gaining_momentum,0.195,,2026-08-29,4,0,False
2026-08-30,SIME,gaining_momentum,2.6,,2026-08-29,4,0,False
2026-08-30,INARI,gaining_momentum,2.56,,2026-08-29,4,0,False
2026-08-30,MEGAFB,gaining_momentum,2.3,,2026-08-29,4,0,False
2026-08-30,TGUAN,gaining_momentum,1.63,,2026-08-29,4,0,False
2026-08-30,WELLCHIP,gaining_momentum,1.18,,2026-08-29,4,0,False
2026-08-31,ALLIANZ,trending,21.9,,2026-08-29,5,0,False
2026-08-31,MKH,trending,1.99,,2026-08-29,5,0,False
2026-08-31,SCICOM,trending,2.29,,2026-08-29,5,0,False
2026-08-31,MKHOP,trending,0.66,,2026-08-29,5,0,False
2026-08-31,AIMFLEX,trending,0.13,,2026-08-29,5,0,False
2026-08-31,HLBANK,trending,23.5,,2026-08-29,5,0,False
2026-08-31,KLK,trending,22.0,,2026-08-29,5,0,False
2026-08-31,WTK,trending,1.09,,2026-08-29,5,0,False
2026-08-31,MI,trending,6.13,,2026-08-29,5,0,False
2026-08-31,OPPSTAR,trending,0.77,,2026-08-29,5,0,False
2026-08-31,TMK,trending,2.94,,2026-08-29,5,0,False
2026-08-31,JAKS,trending,0.125,,2026-08-29,5,0,False
2026-08-31,IOICORP,trending,4.68,,2026-08-29,5,0,False
2026-08-31,GCB,trending,1.4,,2026-08-29,5,0,False
2026-08-31,MNHLDG,trending,3.47,,2026-08-29,5,0,False
2026-08-31,GIIB,trending,0.48,,2026-08-29,5,0,False
2026-08-31,HENGYUAN,trending,1.95,,2026-08-29,5,0,False
2026-08-31,ECA,trending,0.405,,2026-08-29,5,0,False
2026-08-31,OSK,trending,2.07,,2026-08-29,5,0,False
2026-08-31,MFLOUR,trending,0.69,,2026-08-29,5,0,False
2026-08-31,LWSABAH,trending,1.62,,2026-08-29,5,0,False
2026-08-31,SSB8,trending,0.6,,2026-08-29,5,0,False
2026-08-31,SAMAIDEN,trending,1.71,,2026-08-29,5,0,False
2026-08-31,PA,trending,0.225,,2026-08-29,5,0,False
2026-08-31,SDCG,trending,0.75,,2026-08-29,5,0,False
2026-08-31,YEWLEE,trending,0.63,,2026-08-29,5,0,False
2026-08-31,PWRWELL,trending,1.03,,2026-08-29,5,0,False
2026-08-31,KGB,trending,9.2,,2026-08-29,5,0,False
2026-08-31,M&G,trending,0.3,,2026-08-29,5,0,False
2026-08-31,MIKROMB,trending,0.59,,2026-08-29,5,0,False
2026-08-31,KEYASIC,trending,0.06,,2026-08-29,5,0,False
2026-08-31,SUNCON,trending,8.19,,2026-08-29,5,0,False
2026-08-31,CHB,trending,2.05,,2026-08-29,5,0,False
2026-08-31,VITROX,trending,9.23,,2026-08-29,5,0,False
2026-08-31,JAG,trending,0.375,,2026-08-29,5,0,False
2026-08-31,SOP,trending,5.35,,2026-08-29,5,0,False
2026-08-31,LAGENDA,trending,1.53,,2026-08-29,5,0,False
2026-08-31,WPRTS,trending,6.95,,2026-08-29,5,0,False
2026-08-31,TIMWELL,trending,2.0,,2026-08-29,5,0,False
2026-08-31,RANHILL,trending,2.51,,2026-08-29,5,0,False
2026-08-31,YTL,trending,2.48,,2026-08-29,5,0,False
2026-08-31,SUNLOGY,trending,0.395,,2026-08-29,5,0,False
2026-08-31,JHM,trending,0.485,,2026-08-29,5,0,False
2026-08-31,SCGBHD,trending,2.53,,2026-08-29,5,0,False
2026-08-31,PJBUMI,trending,3.89,,2026-08-29,5,0,False
2026-08-31,HEGROUP,trending,0.85,,2026-08-29,5,0,False
2026-08-31,DUFU,trending,2.7,,2026-08-29,5,0,False
2026-08-31,JTGROUP,trending,0.94,,2026-08-29,5,0,False
2026-08-31,CPETECH,trending,1.21,,2026-08-29,5,0,False
2026-08-31,ICTZONE,trending,0.26,,2026-08-29,5,0,False
2026-08-31,TSH,trending,1.34,,2026-08-29,5,0,False
2026-08-31,MNRB,trending,3.03,,2026-08-29,5,0,False
2026-08-31,IJM,trending,2.82,,2026-08-29,5,0,False
2026-08-31,CNERGEN,trending,0.855,,2026-08-29,5,0,False
2026-08-31,JCY,trending,0.51,,2026-08-29,5,0,False
2026-08-31,VIS,trending,0.425,,2026-08-29,5,0,False
2026-08-31,BNASTRA,trending,2.4,,2026-08-29,5,0,False
2026-08-31,ABMB,early_uptrend,4.92,,2026-08-29,5,0,False
2026-08-31,HLFG,early_uptrend,19.0,,2026-08-29,5,0,False
2026-08-31,WASCO,reversal,0.76,,2026-08-29,5,0,False
2026-08-31,KSL,reversal,2.88,,2026-08-29,5,0,False
2026-08-31,PMBTECH,reversal,1.79,,2026-08-29,5,0,False
2026-08-31,UNISEM,reversal,4.45,,2026-08-29,5,0,False
2026-08-31,ELRIDGE,reversal,0.85,,2026-08-29,5,0,False
2026-08-31,SJC,reversal,0.5,,2026-08-29,5,0,False
2026-08-31,SPRITZER,gaining_momentum,3.55,,2026-08-29,5,0,False
2026-08-31,NIHSIN,gaining_momentum,0.195,,2026-08-29,5,0,False
2026-08-31,SIME,gaining_momentum,2.6,,2026-08-29,5,0,False
2026-08-31,INARI,gaining_momentum,2.56,,2026-08-29,5,0,False
2026-08-31,MEGAFB,gaining_momentum,2.3,,2026-08-29,5,0,False
2026-08-31,TGUAN,gaining_momentum,1.63,,2026-08-29,5,0,False
2026-08-31,WELLCHIP,gaining_momentum,1.18,,2026-08-29,5,0,False
2026-09-01,SUNLOGY,trending,0.445,,2026-08-29,6,0,False
2026-09-01,ICENTS,trending,0.77,,2026-09-01,1,0,True
2026-09-01,LWSABAH,trending,1.69,,2026-08-29,6,0,False
2026-09-01,MKH,trending,1.99,,2026-08-29,6,0,False
2026-09-01,TMK,trending,3.0,,2026-08-29,6,0,False
2026-09-01,SOP,trending,5.6,,2026-08-29,6,0,False
2026-09-01,GCB,trending,1.42,,2026-08-29,6,0,False
2026-09-01,MKHOP,trending,0.66,,2026-08-29,6,0,False
2026-09-01,SIME,trending,2.55,,2026-09-01,1,0,True
2026-09-01,JAKS,trending,0.12,,2026-08-29,6,0,False
2026-09-01,SCICOM,trending,2.27,,2026-08-29,6,0,False
2026-09-01,TSH,trending,1.35,,2026-08-29,6,0,False
2026-09-01,GIIB,trending,0.495,,2026-08-29,6,0,False
2026-09-01,YEWLEE,trending,0.63,,2026-08-29,6,0,False
2026-09-01,ICTZONE,trending,0.26,,2026-08-29,6,0,False
2026-09-01,SAMAIDEN,trending,1.74,,2026-08-29,6,0,False
2026-09-01,MNHLDG,trending,3.54,,2026-08-29,6,0,False
2026-09-01,M&G,trending,0.295,,2026-08-29,6,0,False
2026-09-01,SDCG,trending,0.75,,2026-08-29,6,0,False
2026-09-01,MFLOUR,trending,0.7,,2026-08-29,6,0,False
2026-09-01,WTK,trending,1.1,,2026-08-29,6,0,False
2026-09-01,PJBUMI,trending,3.91,,2026-08-29,6,0,False
2026-09-01,NATGATE,trending,1.76,,2026-09-01,1,0,True
2026-09-01,PA,trending,0.22,,2026-08-29,6,0,False
2026-09-01,JHM,trending,0.465,,2026-08-29,6,0,False
2026-09-01,OPPSTAR,trending,0.74,,2026-08-29,6,0,False
2026-09-01,PWRWELL,trending,1.03,,2026-08-29,6,0,False
2026-09-01,CPETECH,trending,1.15,,2026-08-29,6,0,False
2026-09-01,HLBANK,trending,23.66,,2026-08-29,6,0,False
2026-09-01,CBHB,trending,0.885,,2026-09-01,1,0,True
2026-09-01,RANHILL,trending,2.58,,2026-08-29,6,0,False
2026-09-01,SSB8,trending,0.6,,2026-08-29,6,0,False
2026-09-01,LAGENDA,trending,1.54,,2026-08-29,6,0,False
2026-09-01,TIMWELL,trending,1.99,,2026-08-29,6,0,False
2026-09-01,YTL,trending,2.46,,2026-08-29,6,0,False
2026-09-01,HEGROUP,trending,0.825,,2026-08-29,6,0,False
2026-09-01,MNRB,trending,3.0,,2026-08-29,6,0,False
2026-09-01,CNERGEN,trending,0.88,,2026-08-29,6,0,False
2026-09-01,MIKROMB,trending,0.585,,2026-08-29,6,0,False
2026-09-01,KLK,trending,21.82,,2026-08-29,6,0,False
2026-09-01,DUFU,trending,2.68,,2026-08-29,6,0,False
2026-09-01,JTGROUP,trending,0.935,,2026-08-29,6,0,False
2026-09-01,SUNCON,trending,8.09,,2026-08-29,6,0,False
2026-09-01,IOICORP,trending,4.72,,2026-08-29,6,0,False
2026-09-01,IJM,trending,2.86,,2026-08-29,6,0,False
2026-09-01,VITROX,trending,9.05,,2026-08-29,6,0,False
2026-09-01,VIS,trending,0.435,,2026-08-29,6,0,False
2026-09-01,CHB,trending,1.98,,2026-08-29,6,0,False
2026-09-01,JCY,trending,0.5,,2026-08-29,6,0,False
2026-09-01,ECA,trending,0.39,,2026-08-29,6,0,False
2026-09-01,WPRTS,trending,6.97,,2026-08-29,6,0,False
2026-09-01,BNASTRA,trending,2.39,,2026-08-29,6,0,False
2026-09-01,HLFG,early_uptrend,19.12,,2026-08-29,6,0,False
2026-09-01,SYSTECH,reversal,0.18,,2026-09-01,1,0,True
2026-09-01,WASCO,reversal,0.835,,2026-08-29,6,0,False
2026-09-01,ELRIDGE,reversal,0.845,,2026-08-29,6,0,False
2026-09-01,SJC,reversal,0.5,,2026-08-29,6,0,False
2026-09-01,PMBTECH,reversal,1.76,,2026-08-29,6,0,False
2026-09-01,NIHSIN,gaining_momentum,0.225,,2026-08-29,6,0,False
2026-09-01,LWSABAH,trending,1.69,,2026-08-29,7,0,False
2026-09-01,ICENTS,trending,0.785,,2026-09-01,2,0,False
2026-09-01,SOP,trending,5.56,,2026-08-29,7,0,False
2026-09-01,MKH,trending,1.99,,2026-08-29,7,0,False
2026-09-01,TMK,trending,2.99,,2026-08-29,7,0,False
2026-09-01,HLBANK,trending,23.7,,2026-08-29,7,0,False
2026-09-01,MNHLDG,trending,3.54,,2026-08-29,7,0,False
2026-09-01,MFLOUR,trending,0.69,,2026-08-29,7,0,False
2026-09-01,SDCG,trending,0.75,,2026-08-29,7,0,False
2026-09-01,GCB,trending,1.42,,2026-08-29,7,0,False
2026-09-01,SSB8,trending,0.6,,2026-08-29,7,0,False
2026-09-01,AIMFLEX,trending,0.125,,2026-09-01,1,0,True
2026-09-01,VIS,trending,0.45,,2026-08-29,7,0,False
2026-09-01,MKHOP,trending,0.66,,2026-08-29,7,0,False
2026-09-01,TSH,trending,1.36,,2026-08-29,7,0,False
2026-09-01,SCICOM,trending,2.3,,2026-08-29,7,0,False
2026-09-01,GIIB,trending,0.495,,2026-08-29,7,0,False
2026-09-01,SAMAIDEN,trending,1.73,,2026-08-29,7,0,False
2026-09-01,ICTZONE,trending,0.265,,2026-08-29,7,0,False
2026-09-01,CNERGEN,trending,0.895,,2026-08-29,7,0,False
2026-09-01,M&G,trending,0.295,,2026-08-29,7,0,False
2026-09-01,YTLPOWR,trending,5.64,,2026-09-01,1,0,True
2026-09-01,JAKS,trending,0.115,,2026-08-29,7,0,False
2026-09-01,WTK,trending,1.1,,2026-08-29,7,0,False
2026-09-01,TIMWELL,trending,2.01,,2026-08-29,7,0,False
2026-09-01,YEWLEE,trending,0.635,,2026-08-29,7,0,False
2026-09-01,KLK,trending,21.84,,2026-08-29,7,0,False
2026-09-01,IOICORP,trending,4.7,,2026-08-29,7,0,False
2026-09-01,NATGATE,trending,1.74,,2026-09-01,2,0,False
2026-09-01,OPPSTAR,trending,0.71,,2026-08-29,7,0,False
2026-09-01,JHM,trending,0.47,,2026-08-29,7,0,False
2026-09-01,YTL,trending,2.4,,2026-08-29,7,0,False
2026-09-01,PWRWELL,trending,1.02,,2026-08-29,7,0,False
2026-09-01,PA,trending,0.22,,2026-08-29,7,0,False
2026-09-01,RANHILL,trending,2.5,,2026-08-29,7,0,False
2026-09-01,KEYASIC,trending,0.06,,2026-09-01,1,0,True
2026-09-01,CPETECH,trending,1.16,,2026-08-29,7,0,False
2026-09-01,LAGENDA,trending,1.56,,2026-08-29,7,0,False
2026-09-01,CBHB,trending,0.885,,2026-09-01,2,0,False
2026-09-01,IJM,trending,2.85,,2026-08-29,7,0,False
2026-09-01,JTGROUP,trending,0.925,,2026-08-29,7,0,False
2026-09-01,HEGROUP,trending,0.825,,2026-08-29,7,0,False
2026-09-01,MNRB,trending,3.01,,2026-08-29,7,0,False
2026-09-01,VITROX,trending,9.06,,2026-08-29,7,0,False
2026-09-01,JCY,trending,0.505,,2026-08-29,7,0,False
2026-09-01,WPRTS,trending,6.97,,2026-08-29,7,0,False
2026-09-01,ECA,trending,0.385,,2026-08-29,7,0,False
2026-09-01,MIKROMB,trending,0.59,,2026-08-29,7,0,False
2026-09-01,BNASTRA,trending,2.39,,2026-08-29,7,0,False
2026-09-01,HLFG,early_uptrend,19.1,,2026-08-29,7,0,False
2026-09-01,SYSTECH,reversal,0.18,,2026-09-01,2,0,False
2026-09-01,WASCO,reversal,0.85,,2026-08-29,7,0,False
2026-09-01,KEYFIELD,reversal,1.41,,2026-09-01,1,0,True
2026-09-01,SJC,reversal,0.5,,2026-08-29,7,0,False
2026-09-01,PMBTECH,reversal,1.75,,2026-08-29,7,0,False
2026-09-01,SKYGATE,gaining_momentum,0.88,,2026-09-01,1,0,True
2026-09-01,NIHSIN,gaining_momentum,0.24,,2026-08-29,7,0,False
2026-09-01,INARI,gaining_momentum,2.61,,2026-09-01,1,0,True
2026-09-01,SIME,gaining_momentum,2.59,,2026-09-01,1,0,True
2026-09-01,KERJAYA,gaining_momentum,3.03,,2026-09-01,1,0,True
2026-09-02,SOP,trending,5.96,,2026-08-29,8,0,False
2026-09-02,KERJAYA,trending,2.88,,2026-09-02,1,0,True
2026-09-02,MIKROMB,trending,0.59,,2026-08-29,8,0,False
2026-09-02,TMK,trending,2.9,,2026-08-29,8,0,False
2026-09-02,WTK,trending,1.15,,2026-08-29,8,0,False
2026-09-02,GCB,trending,1.41,,2026-08-29,8,0,False
2026-09-02,LWSABAH,trending,1.73,,2026-08-29,8,0,False
2026-09-02,CPETECH,trending,1.15,,2026-08-29,8,0,False
2026-09-02,MFLOUR,trending,0.705,,2026-08-29,8,0,False
2026-09-02,MKHOP,trending,0.66,,2026-08-29,8,0,False
2026-09-02,SSB8,trending,0.605,,2026-08-29,8,0,False
2026-09-02,SAMAIDEN,trending,1.77,,2026-08-29,8,0,False
2026-09-02,M&G,trending,0.3,,2026-08-29,8,0,False
2026-09-02,YTLPOWR,trending,5.62,,2026-09-01,2,0,False
2026-09-02,VIS,trending,0.455,,2026-08-29,8,0,False
2026-09-02,ICENTS,trending,0.755,,2026-09-01,3,0,False
2026-09-02,PA,trending,0.24,,2026-08-29,8,0,False
2026-09-02,HLBANK,trending,23.84,,2026-08-29,8,0,False
2026-09-02,YTL,trending,2.4,,2026-08-29,8,0,False
2026-09-02,SDCG,trending,0.75,,2026-08-29,8,0,False
2026-09-02,SCICOM,trending,2.28,,2026-08-29,8,0,False
2026-09-02,TIMWELL,trending,2.05,,2026-08-29,8,0,False
2026-09-02,GIIB,trending,0.505,,2026-08-29,8,0,False
2026-09-02,MKH,trending,1.99,,2026-08-29,8,0,False
2026-09-02,JPG,trending,1.97,,2026-09-02,1,0,True
2026-09-02,HEGROUP,trending,0.825,,2026-08-29,8,0,False
2026-09-02,AIMFLEX,trending,0.125,,2026-09-01,2,0,False
2026-09-02,YEWLEE,trending,0.625,,2026-08-29,8,0,False
2026-09-02,KLK,trending,22.7,,2026-08-29,8,0,False
2026-09-02,LAGENDA,trending,1.57,,2026-08-29,8,0,False
2026-09-02,IOICORP,trending,4.8,,2026-08-29,8,0,False
2026-09-02,OPPSTAR,trending,0.7,,2026-08-29,8,0,False
2026-09-02,JTGROUP,trending,0.92,,2026-08-29,8,0,False
2026-09-02,RANHILL,trending,2.53,,2026-08-29,8,0,False
2026-09-02,PWRWELL,trending,1.03,,2026-08-29,8,0,False
2026-09-02,MNHLDG,trending,3.54,,2026-08-29,8,0,False
2026-09-02,CBHB,trending,0.895,,2026-09-01,3,0,False
2026-09-02,IJM,trending,2.83,,2026-08-29,8,0,False
2026-09-02,NATGATE,trending,1.78,,2026-09-01,3,0,False
2026-09-02,JCY,trending,0.49,,2026-08-29,8,0,False
2026-09-02,CNERGEN,trending,0.895,,2026-08-29,8,0,False
2026-09-02,KEYASIC,trending,0.06,,2026-09-01,2,0,False
2026-09-02,ECA,trending,0.385,,2026-08-29,8,0,False
2026-09-02,HLFG,early_uptrend,18.96,,2026-08-29,8,0,False
2026-09-02,DIALOG,early_uptrend,2.02,,2026-09-02,1,0,True
2026-09-02,CLITE,early_uptrend,0.215,,2026-09-02,1,0,True
2026-09-02,SYSTECH,reversal,0.185,,2026-09-01,3,0,False
2026-09-02,LFG,reversal,1.57,,2026-09-02,1,0,True
2026-09-02,NIHSIN,gaining_momentum,0.265,,2026-08-29,8,0,False
2026-09-02,WASCO,gaining_momentum,0.815,,2026-09-02,1,0,True
2026-09-03,VLB,trending,0.94,,2026-09-03,1,0,True
2026-09-03,KERJAYA,trending,3.08,,2026-09-02,2,0,False
2026-09-03,SAMAIDEN,trending,1.85,,2026-08-29,9,0,False
2026-09-03,SDCG,trending,0.75,,2026-08-29,9,0,False
2026-09-03,TMK,trending,2.86,,2026-08-29,9,0,False
2026-09-03,IJM,trending,2.94,,2026-08-29,9,0,False
2026-09-03,MKH,trending,1.99,,2026-08-29,9,0,False
2026-09-03,CBHB,trending,0.88,,2026-09-01,4,0,False
2026-09-03,YEWLEE,trending,0.62,,2026-08-29,9,0,False
2026-09-03,GIIB,trending,0.54,,2026-08-29,9,0,False
2026-09-03,HLBANK,trending,23.88,,2026-08-29,9,0,False
2026-09-03,SSB8,trending,0.605,,2026-08-29,9,0,False
2026-09-03,GCB,trending,1.41,,2026-08-29,9,0,False
2026-09-03,MFLOUR,trending,0.7,,2026-08-29,9,0,False
2026-09-03,JPG,trending,1.99,,2026-09-02,2,0,False
2026-09-03,KEYASIC,trending,0.07,,2026-09-01,3,0,False
2026-09-03,SCGBHD,trending,2.55,,2026-09-03,1,0,True
2026-09-03,M&G,trending,0.3,,2026-08-29,9,0,False
2026-09-03,WTK,trending,1.15,,2026-08-29,9,0,False
2026-09-03,E&O,trending,0.78,,2026-09-03,1,0,True
2026-09-03,YTLPOWR,trending,5.75,,2026-09-01,3,0,False
2026-09-03,YTL,trending,2.4,,2026-08-29,9,0,False
2026-09-03,MKHOP,trending,0.66,,2026-08-29,9,0,False
2026-09-03,LWSABAH,trending,1.69,,2026-08-29,9,0,False
2026-09-03,IOICORP,trending,4.79,,2026-08-29,9,0,False
2026-09-03,ABMB,trending,5.04,,2026-09-03,1,0,True
2026-09-03,VIS,trending,0.435,,2026-08-29,9,0,False
2026-09-03,CPETECH,trending,1.15,,2026-08-29,9,0,False
2026-09-03,KLK,trending,22.38,,2026-08-29,9,0,False
2026-09-03,AIMFLEX,trending,0.13,,2026-09-01,3,0,False
2026-09-03,RANHILL,trending,2.58,,2026-08-29,9,0,False
2026-09-03,BNASTRA,trending,2.42,,2026-09-03,1,0,True
2026-09-03,JAKS,trending,0.115,,2026-09-03,1,0,True
2026-09-03,MIKROMB,trending,0.595,,2026-08-29,9,0,False
2026-09-03,PWRWELL,trending,1.04,,2026-08-29,9,0,False
2026-09-03,ICENTS,trending,0.78,,2026-09-01,4,0,False
2026-09-03,MAHSING,trending,1.13,,2026-09-03,1,0,True
2026-09-03,CNERGEN,trending,0.875,,2026-08-29,9,0,False
2026-09-03,MNHLDG,trending,3.54,,2026-08-29,9,0,False
2026-09-03,SOP,trending,5.96,,2026-08-29,9,0,False
2026-09-03,NATGATE,trending,1.74,,2026-09-01,4,0,False
2026-09-03,TAANN,trending,6.29,,2026-09-03,1,0,True
2026-09-03,JCY,trending,0.505,,2026-08-29,9,0,False
2026-09-03,JHM,trending,0.475,,2026-09-03,1,0,True
2026-09-03,PA,trending,0.24,,2026-08-29,9,0,False
2026-09-03,HEGROUP,trending,0.825,,2026-08-29,9,0,False
2026-09-03,JTGROUP,trending,0.92,,2026-08-29,9,0,False
2026-09-03,ECA,trending,0.385,,2026-08-29,9,0,False
2026-09-03,SCICOM,trending,2.27,,2026-08-29,9,0,False
2026-09-03,SUPERMX,early_uptrend,0.375,,2026-09-03,1,0,True
2026-09-03,HLFG,early_uptrend,18.98,,2026-08-29,9,0,False
2026-09-03,SYSTECH,reversal,0.175,,2026-09-01,4,0,False
2026-09-03,UTDPLT,reversal,33.02,,2026-09-03,1,0,True
2026-09-03,ENPRO,reversal,0.205,,2026-09-03,1,0,True
2026-09-03,ELRIDGE,reversal,0.84,,2026-09-03,1,0,True
2026-09-03,LFG,reversal,1.59,,2026-09-02,2,0,False
2026-09-03,NIHSIN,gaining_momentum,0.275,,2026-08-29,9,0,False
2026-09-03,SKYGATE,gaining_momentum,0.895,,2026-09-03,1,0,True
2026-09-03,SUNLOGY,gaining_momentum,0.495,,2026-09-03,1,0,True
2026-09-04,CHB,trending,2.04,,2026-09-04,1,0,True
2026-09-04,VITROX,trending,9.16,,2026-09-04,1,0,True
2026-09-04,AJI,trending,18.9,,2026-09-04,1,0,True
2026-09-04,JCY,trending,0.55,,2026-08-29,10,0,False
2026-09-04,SDCG,trending,0.755,,2026-08-29,10,0,False
2026-09-04,AIMFLEX,trending,0.13,,2026-09-01,4,0,False
2026-09-04,CBHB,trending,0.91,,2026-09-01,5,0,False
2026-09-04,GCB,trending,1.4,,2026-08-29,10,0,False
2026-09-04,SCGBHD,trending,2.55,,2026-09-03,2,0,False
2026-09-04,GIIB,trending,0.525,,2026-08-29,10,0,False
2026-09-04,VLB,trending,0.935,,2026-09-03,2,0,False
2026-09-04,YEWLEE,trending,0.62,,2026-08-29,10,0,False
2026-09-04,M&G,trending,0.3,,2026-08-29,10,0,False
2026-09-04,ICENTS,trending,0.785,,2026-09-01,5,0,False
2026-09-04,LWSABAH,trending,1.73,,2026-08-29,10,0,False
2026-09-04,SSB8,trending,0.605,,2026-08-29,10,0,False
2026-09-04,MNHLDG,trending,3.65,,2026-08-29,10,0,False
2026-09-04,MFLOUR,trending,0.695,,2026-08-29,10,0,False
2026-09-04,PA,trending,0.235,,2026-08-29,10,0,False
2026-09-04,CPETECH,trending,1.14,,2026-08-29,10,0,False
2026-09-04,VIS,trending,0.425,,2026-08-29,10,0,False
2026-09-04,TAANN,trending,6.19,,2026-09-03,2,0,False
2026-09-04,BNASTRA,trending,2.45,,2026-09-03,2,0,False
2026-09-04,SAMAIDEN,trending,1.83,,2026-08-29,10,0,False
2026-09-04,MIKROMB,trending,0.595,,2026-08-29,10,0,False
2026-09-04,YTL,trending,2.43,,2026-08-29,10,0,False
2026-09-04,JHM,trending,0.495,,2026-09-03,2,0,False
2026-09-04,LAGENDA,trending,1.6,,2026-09-04,1,0,True
2026-09-04,SOP,trending,5.92,,2026-08-29,10,0,False
2026-09-04,RANHILL,trending,2.63,,2026-08-29,10,0,False
2026-09-04,YTLPOWR,trending,5.8,,2026-09-01,4,0,False
2026-09-04,PWRWELL,trending,1.07,,2026-08-29,10,0,False
2026-09-04,IOICORP,trending,4.72,,2026-08-29,10,0,False
2026-09-04,HEGROUP,trending,0.865,,2026-08-29,10,0,False
2026-09-04,WTK,trending,1.12,,2026-08-29,10,0,False
2026-09-04,E&O,trending,0.77,,2026-09-03,2,0,False
2026-09-04,TMK,trending,2.87,,2026-08-29,10,0,False
2026-09-04,NATGATE,trending,1.77,,2026-09-01,5,0,False
2026-09-04,MKH,trending,1.99,,2026-08-29,10,0,False
2026-09-04,SIME,trending,2.56,,2026-09-04,1,0,True
2026-09-04,MKHOP,trending,0.66,,2026-08-29,10,0,False
2026-09-04,CNERGEN,trending,0.9,,2026-08-29,10,0,False
2026-09-04,UUE,trending,0.59,,2026-09-04,1,0,True
2026-09-04,ABMB,trending,5.04,,2026-09-03,2,0,False
2026-09-04,JTGROUP,trending,0.945,,2026-08-29,10,0,False
2026-09-04,ECA,trending,0.395,,2026-08-29,10,0,False
2026-09-04,HLBANK,trending,23.66,,2026-08-29,10,0,False
2026-09-04,IJM,trending,2.88,,2026-08-29,10,0,False
2026-09-04,SCICOM,trending,2.29,,2026-08-29,10,0,False
2026-09-04,KEYASIC,trending,0.065,,2026-09-01,4,0,False
2026-09-04,SALUTE,early_uptrend,0.155,,2026-09-04,1,0,True
2026-09-04,MFCB,reversal,2.93,,2026-09-04,1,0,True
2026-09-04,ELRIDGE,reversal,0.855,,2026-09-03,2,0,False
2026-09-04,ENPRO,reversal,0.205,,2026-09-03,2,0,False
2026-09-04,SYSTECH,reversal,0.17,,2026-09-01,5,0,False
2026-09-04,PECCA,reversal,1.33,,2026-09-04,1,0,True
2026-09-04,LFG,reversal,1.59,,2026-09-02,3,0,False
2026-09-04,SKYGATE,gaining_momentum,0.915,,2026-09-03,2,0,False
2026-09-04,TSH,gaining_momentum,1.5,,2026-09-04,1,0,True
2026-09-04,INARI,meta_leader,2.58,,2026-09-04,1,0,True
2026-09-05,CHB,trending,2.04,,2026-09-04,2,0,False
2026-09-05,VITROX,trending,9.16,,2026-09-04,2,0,False
2026-09-05,AJI,trending,18.9,,2026-09-04,2,0,False
2026-09-05,JCY,trending,0.55,,2026-08-29,11,0,False
2026-09-05,SDCG,trending,0.755,,2026-08-29,11,0,False
2026-09-05,AIMFLEX,trending,0.13,,2026-09-01,5,0,False
2026-09-05,CBHB,trending,0.91,,2026-09-01,6,0,False
2026-09-05,GCB,trending,1.4,,2026-08-29,11,0,False
2026-09-05,SCGBHD,trending,2.55,,2026-09-03,3,0,False
2026-09-05,GIIB,trending,0.525,,2026-08-29,11,0,False
2026-09-05,VLB,trending,0.935,,2026-09-03,3,0,False
2026-09-05,YEWLEE,trending,0.62,,2026-08-29,11,0,False
2026-09-05,M&G,trending,0.3,,2026-08-29,11,0,False
2026-09-05,ICENTS,trending,0.785,,2026-09-01,6,0,False
2026-09-05,LWSABAH,trending,1.73,,2026-08-29,11,0,False
2026-09-05,SSB8,trending,0.605,,2026-08-29,11,0,False
2026-09-05,MNHLDG,trending,3.65,,2026-08-29,11,0,False
2026-09-05,MFLOUR,trending,0.695,,2026-08-29,11,0,False
2026-09-05,PA,trending,0.235,,2026-08-29,11,0,False
2026-09-05,CPETECH,trending,1.14,,2026-08-29,11,0,False
2026-09-05,VIS,trending,0.425,,2026-08-29,11,0,False
2026-09-05,TAANN,trending,6.19,,2026-09-03,3,0,False
2026-09-05,BNASTRA,trending,2.45,,2026-09-03,3,0,False
2026-09-05,SAMAIDEN,trending,1.83,,2026-08-29,11,0,False
2026-09-05,MIKROMB,trending,0.595,,2026-08-29,11,0,False
2026-09-05,YTL,trending,2.43,,2026-08-29,11,0,False
2026-09-05,JHM,trending,0.495,,2026-09-03,3,0,False
2026-09-05,LAGENDA,trending,1.6,,2026-09-04,2,0,False
2026-09-05,SOP,trending,5.92,,2026-08-29,11,0,False
2026-09-05,RANHILL,trending,2.63,,2026-08-29,11,0,False
2026-09-05,YTLPOWR,trending,5.8,,2026-09-01,5,0,False
2026-09-05,PWRWELL,trending,1.07,,2026-08-29,11,0,False
2026-09-05,IOICORP,trending,4.72,,2026-08-29,11,0,False
2026-09-05,HEGROUP,trending,0.865,,2026-08-29,11,0,False
2026-09-05,WTK,trending,1.12,,2026-08-29,11,0,False
2026-09-05,E&O,trending,0.77,,2026-09-03,3,0,False
2026-09-05,TMK,trending,2.87,,2026-08-29,11,0,False
2026-09-05,NATGATE,trending,1.77,,2026-09-01,6,0,False
2026-09-05,MKH,trending,1.99,,2026-08-29,11,0,False
2026-09-05,SIME,trending,2.56,,2026-09-04,2,0,False
2026-09-05,MKHOP,trending,0.66,,2026-08-29,11,0,False
2026-09-05,CNERGEN,trending,0.9,,2026-08-29,11,0,False
2026-09-05,UUE,trending,0.59,,2026-09-04,2,0,False
2026-09-05,ABMB,trending,5.04,,2026-09-03,3,0,False
2026-09-05,JTGROUP,trending,0.945,,2026-08-29,11,0,False
2026-09-05,ECA,trending,0.395,,2026-08-29,11,0,False
2026-09-05,HLBANK,trending,23.66,,2026-08-29,11,0,False
2026-09-05,IJM,trending,2.88,,2026-08-29,11,0,False
2026-09-05,SCICOM,trending,2.29,,2026-08-29,11,0,False
2026-09-05,KEYASIC,trending,0.065,,2026-09-01,5,0,False
2026-09-05,SALUTE,early_uptrend,0.155,,2026-09-04,2,0,False
2026-09-05,MFCB,reversal,2.93,,2026-09-04,2,0,False
2026-09-05,ELRIDGE,reversal,0.855,,2026-09-03,3,0,False
2026-09-05,ENPRO,reversal,0.205,,2026-09-03,3,0,False
2026-09-05,SYSTECH,reversal,0.17,,2026-09-01,6,0,False
2026-09-05,PECCA,reversal,1.33,,2026-09-04,2,0,False
2026-09-05,LFG,reversal,1.59,,2026-09-02,4,0,False
2026-09-05,SKYGATE,gaining_momentum,0.915,,2026-09-03,3,0,False
2026-09-05,TSH,gaining_momentum,1.5,,2026-09-04,2,0,False
2026-09-05,INARI,meta_leader,2.58,,2026-09-04,2,0,False
2026-09-07,EFORCE,reversal,0.195,,2026-09-07,1,0,True
2026-09-07,MFCB,reversal,2.91,,2026-09-04,3,0,False
2026-09-07,PECCA,reversal,1.34,,2026-09-04,3,0,False
2026-09-07,ENPRO,reversal,0.205,,2026-09-03,4,0,False
2026-09-07,GIIB,reversal,0.52,,2026-09-07,1,0,True
2026-09-07,DXN,reversal,0.465,,2026-09-07,1,0,True
2026-09-07,ELRIDGE,reversal,0.855,,2026-09-03,4,0,False
2026-09-07,LFG,reversal,1.6,,2026-09-02,5,0,False
2026-09-08,MFCB,reversal,2.95,,2026-09-04,4,0,False
2026-09-08,ITMAX,reversal,4.46,,2026-09-08,1,0,True
2026-09-08,GIIB,reversal,0.535,,2026-09-07,2,0,False
2026-09-08,ENPRO,reversal,0.205,,2026-09-03,5,0,False
2026-09-08,EFORCE,reversal,0.185,,2026-09-07,2,0,False
2026-09-08,DRBHCOM,reversal,0.99,,2026-09-08,1,0,True
2026-09-08,PCHEM,reversal,4.47,,2026-09-08,1,0,True
2026-09-08,PECCA,reversal,1.33,,2026-09-04,4,0,False
2026-09-08,UTDPLT,reversal,33.3,,2026-09-08,1,0,True
2026-09-08,LFG,reversal,1.6,,2026-09-02,6,0,False
2026-09-08,ELRIDGE,reversal,0.865,,2026-09-03,5,0,False
2026-09-08,UUE,trending,0.67,,2026-09-08,1,0,True
2026-09-08,MKHOP,trending,0.665,,2026-09-08,1,0,True
2026-09-08,SLVEST,trending,3.55,,2026-09-08,1,0,True
2026-09-08,SWKPLNT,trending,4.83,,2026-09-08,1,0,True
2026-09-08,SCGBHD,trending,2.73,,2026-09-08,1,0,True
2026-09-08,IOICORP,trending,4.82,,2026-09-08,1,0,True
2026-09-08,GIIB,trending,0.535,,2026-09-08,1,0,True
2026-09-08,GCB,trending,1.34,,2026-09-08,1,0,True
2026-09-08,MIKROMB,trending,0.61,,2026-09-08,1,0,True
2026-09-08,SDCG,trending,0.76,,2026-09-08,1,0,True
2026-09-08,CNERGEN,trending,0.9,,2026-09-08,1,0,True
2026-09-08,VLB,trending,0.955,,2026-09-08,1,0,True
2026-09-08,CHB,trending,2.2,,2026-09-08,1,0,True
2026-09-08,SIME,trending,2.56,,2026-09-08,1,0,True
2026-09-08,CPETECH,trending,1.2,,2026-09-08,1,0,True
2026-09-08,M&G,trending,0.305,,2026-09-08,1,0,True
2026-09-08,HEGROUP,trending,0.89,,2026-09-08,1,0,True
2026-09-08,ABMB,trending,4.96,,2026-09-08,1,0,True
2026-09-08,VITROX,trending,9.28,,2026-09-08,1,0,True
2026-09-08,SAMAIDEN,trending,1.88,,2026-09-08,1,0,True
2026-09-08,SSB8,trending,0.61,,2026-09-08,1,0,True
2026-09-08,WTK,trending,1.13,,2026-09-08,1,0,True
2026-09-08,LWSABAH,trending,1.75,,2026-09-08,1,0,True
2026-09-08,JPG,trending,2.02,,2026-09-08,1,0,True
2026-09-08,HLBANK,trending,23.58,,2026-09-08,1,0,True
2026-09-08,TMK,trending,2.95,,2026-09-08,1,0,True
2026-09-08,SUNLOGY,trending,0.47,,2026-09-08,1,0,True
2026-09-08,MKH,trending,1.99,,2026-09-08,1,0,True
2026-09-08,MNHLDG,trending,3.72,,2026-09-08,1,0,True
2026-09-08,MEGAFB,trending,2.29,,2026-09-08,1,0,True
2026-09-08,JAKS,trending,0.12,,2026-09-08,1,0,True
2026-09-08,YTLPOWR,trending,5.78,,2026-09-08,1,0,True
2026-09-08,NATGATE,trending,1.7,,2026-09-08,1,0,True
2026-09-08,IJM,trending,2.85,,2026-09-08,1,0,True
2026-09-08,MFLOUR,trending,0.69,,2026-09-08,1,0,True
2026-09-08,KERJAYA,trending,3.16,,2026-09-08,1,0,True
2026-09-08,SCICOM,trending,2.33,,2026-09-08,1,0,True
2026-09-08,MI,trending,5.91,,2026-09-08,1,0,True
2026-09-08,NOTION,trending,0.69,,2026-09-08,1,0,True
2026-09-08,KEYASIC,trending,0.07,,2026-09-08,1,0,True
2026-09-08,ECA,trending,0.4,,2026-09-08,1,0,True
2026-09-08,LAGENDA,trending,1.59,,2026-09-08,1,0,True
2026-09-08,YTL,trending,2.39,,2026-09-08,1,0,True
2026-09-08,PWRWELL,trending,1.08,,2026-09-08,1,0,True
2026-09-08,JHM,trending,0.485,,2026-09-08,1,0,True
2026-09-08,JCY,trending,0.535,,2026-09-08,1,0,True
2026-09-08,JTGROUP,trending,0.945,,2026-09-08,1,0,True
2026-09-08,RANHILL,trending,2.63,,2026-09-08,1,0,True
2026-09-08,KJTS,trending,1.07,,2026-09-08,1,0,True
2026-09-08,BNASTRA,trending,2.46,,2026-09-08,1,0,True
2026-09-08,ICENTS,trending,0.785,,2026-09-08,1,0,True
2026-09-08,AIMFLEX,trending,0.14,,2026-09-08,1,0,True
2026-09-08,PA,trending,0.235,,2026-09-08,1,0,True
2026-09-08,MFCB,reversal,2.95,,2026-09-04,5,0,False
2026-09-08,ITMAX,reversal,4.46,,2026-09-08,2,0,False
2026-09-08,ENPRO,reversal,0.205,,2026-09-03,6,0,False
2026-09-08,EFORCE,reversal,0.185,,2026-09-07,3,0,False
2026-09-08,DRBHCOM,reversal,0.99,,2026-09-08,2,0,False
2026-09-08,PCHEM,reversal,4.47,,2026-09-08,2,0,False
2026-09-08,PECCA,reversal,1.33,,2026-09-04,5,0,False
2026-09-08,UTDPLT,reversal,33.3,,2026-09-08,2,0,False
2026-09-08,LFG,reversal,1.6,,2026-09-02,7,0,False
2026-09-08,ELRIDGE,reversal,0.865,,2026-09-03,6,0,False
2026-09-08,PEKAT,gaining_momentum,2.07,,2026-09-08,1,0,True
2026-09-08,TAANN,meta_leader,6.34,,2026-09-08,1,0,True
2026-09-09,CPETECH,trending,1.37,,2026-09-08,2,0,False
2026-09-09,GCB,trending,1.37,,2026-09-08,2,0,False
2026-09-09,JCY,trending,0.565,,2026-09-08,2,0,False
2026-09-09,SCGBHD,trending,2.73,,2026-09-08,2,0,False
2026-09-09,IOICORP,trending,4.8,,2026-09-08,2,0,False
2026-09-09,SLVEST,trending,3.5,,2026-09-08,2,0,False
2026-09-09,CHB,trending,2.32,,2026-09-08,2,0,False
2026-09-09,RANHILL,trending,2.85,,2026-09-08,2,0,False
2026-09-09,JAKS,trending,0.13,,2026-09-08,2,0,False
2026-09-09,JPG,trending,1.99,,2026-09-08,2,0,False
2026-09-09,PWRWELL,trending,1.11,,2026-09-08,2,0,False
2026-09-09,SDCG,trending,0.76,,2026-09-08,2,0,False
2026-09-09,JHM,trending,0.5,,2026-09-08,2,0,False
2026-09-09,AEMULUS,trending,0.405,,2026-09-09,1,0,True
2026-09-09,SCICOM,trending,2.37,,2026-09-08,2,0,False
2026-09-09,UUE,trending,0.665,,2026-09-08,2,0,False
2026-09-09,WINSTAR,trending,0.665,,2026-09-09,1,0,True
2026-09-09,MKHOP,trending,0.665,,2026-09-08,2,0,False
2026-09-09,GIIB,trending,0.535,,2026-09-08,2,0,False
2026-09-09,MKH,trending,1.99,,2026-09-08,2,0,False
2026-09-09,YEWLEE,trending,0.62,,2026-09-09,1,0,True
2026-09-09,YTLPOWR,trending,5.8,,2026-09-08,2,0,False
2026-09-09,MFLOUR,trending,0.68,,2026-09-08,2,0,False
2026-09-09,NOTION,trending,0.675,,2026-09-08,2,0,False
2026-09-09,M&G,trending,0.305,,2026-09-08,2,0,False
2026-09-09,VITROX,trending,9.42,,2026-09-08,2,0,False
2026-09-09,HEGROUP,trending,0.91,,2026-09-08,2,0,False
2026-09-09,MI,trending,5.88,,2026-09-08,2,0,False
2026-09-09,INARI,trending,2.65,,2026-09-09,1,0,True
2026-09-09,SUNLOGY,trending,0.48,,2026-09-08,2,0,False
2026-09-09,JTGROUP,trending,0.965,,2026-09-08,2,0,False
2026-09-09,AIMFLEX,trending,0.135,,2026-09-08,2,0,False
2026-09-09,VLB,trending,0.915,,2026-09-08,2,0,False
2026-09-09,NATGATE,trending,1.73,,2026-09-08,2,0,False
2026-09-09,PA,trending,0.225,,2026-09-08,2,0,False
2026-09-09,WTK,trending,1.14,,2026-09-08,2,0,False
2026-09-09,TMK,trending,2.92,,2026-09-08,2,0,False
2026-09-09,SSB8,trending,0.61,,2026-09-08,2,0,False
2026-09-09,ICENTS,trending,0.82,,2026-09-08,2,0,False
2026-09-09,SWKPLNT,trending,4.74,,2026-09-08,2,0,False
2026-09-09,YTL,trending,2.37,,2026-09-08,2,0,False
2026-09-09,LWSABAH,trending,1.77,,2026-09-08,2,0,False
2026-09-09,KJTS,trending,1.07,,2026-09-08,2,0,False
2026-09-09,ECA,trending,0.4,,2026-09-08,2,0,False
2026-09-09,IJM,trending,2.89,,2026-09-08,2,0,False
2026-09-09,MEGAFB,trending,2.29,,2026-09-08,2,0,False
2026-09-09,LAGENDA,trending,1.62,,2026-09-08,2,0,False
2026-09-09,KEYASIC,trending,0.065,,2026-09-08,2,0,False
2026-09-09,EFORCE,early_uptrend,0.18,,2026-09-09,1,0,True
2026-09-09,MFCB,reversal,3.12,,2026-09-04,6,0,False
2026-09-09,ITMAX,reversal,4.59,,2026-09-08,3,0,False
2026-09-09,ENPRO,reversal,0.205,,2026-09-03,7,0,False
2026-09-09,UTDPLT,reversal,33.0,,2026-09-08,3,0,False
2026-09-09,PCHEM,reversal,4.55,,2026-09-08,3,0,False
2026-09-09,PECCA,reversal,1.34,,2026-09-04,6,0,False
2026-09-09,DRBHCOM,reversal,0.995,,2026-09-08,3,0,False
2026-09-09,LFG,reversal,1.59,,2026-09-02,8,0,False
2026-09-09,AWC,gaining_momentum,0.55,,2026-09-09,1,0,True
2026-09-09,THETA,gaining_momentum,0.725,,2026-09-09,1,0,True
2026-09-09,TM,gaining_momentum,8.18,,2026-09-09,1,0,True
2026-09-09,TGUAN,gaining_momentum,1.64,,2026-09-09,1,0,True
2026-09-09,PEKAT,gaining_momentum,2.08,,2026-09-08,2,0,False
2026-09-09,MIKROMB,gaining_momentum,0.63,,2026-09-09,1,0,True
2026-09-09,TAANN,meta_leader,6.33,,2026-09-08,2,0,False
2026-09-10,CPETECH,trending,1.36,,2026-09-08,3,0,False
2026-09-10,GCB,trending,1.44,,2026-09-08,3,0,False
2026-09-10,JTGROUP,trending,0.995,,2026-09-08,3,0,False
2026-09-10,HIBISCS,trending,2.27,,2026-09-10,1,0,True
2026-09-10,IOICORP,trending,4.79,,2026-09-08,3,0,False
2026-09-10,JHM,trending,0.52,,2026-09-08,3,0,False
2026-09-10,SKYGATE,trending,0.925,,2026-09-10,1,0,True
2026-09-10,PA,trending,0.225,,2026-09-08,3,0,False
2026-09-10,SDCG,trending,0.765,,2026-09-08,3,0,False
2026-09-10,YTLPOWR,trending,5.74,,2026-09-08,3,0,False
2026-09-10,M&G,trending,0.31,,2026-09-08,3,0,False
2026-09-10,SCICOM,trending,2.39,,2026-09-08,3,0,False
2026-09-10,JCY,trending,0.53,,2026-09-08,3,0,False
2026-09-10,GIIB,trending,0.535,,2026-09-08,3,0,False
2026-09-10,AEMULUS,trending,0.405,,2026-09-09,2,0,False
2026-09-10,RANHILL,trending,2.96,,2026-09-08,3,0,False
2026-09-10,UUE,trending,0.66,,2026-09-08,3,0,False
2026-09-10,MKHOP,trending,0.665,,2026-09-08,3,0,False
2026-09-10,ICENTS,trending,0.855,,2026-09-08,3,0,False
2026-09-10,TMK,trending,2.88,,2026-09-08,3,0,False
2026-09-10,YEWLEE,trending,0.62,,2026-09-09,2,0,False
2026-09-10,SUNLOGY,trending,0.485,,2026-09-08,3,0,False
2026-09-10,INARI,trending,2.67,,2026-09-09,2,0,False
2026-09-10,NOTION,trending,0.665,,2026-09-08,3,0,False
2026-09-10,AIMFLEX,trending,0.14,,2026-09-08,3,0,False
2026-09-10,PWRWELL,trending,1.1,,2026-09-08,3,0,False
2026-09-10,YTL,trending,2.36,,2026-09-08,3,0,False
2026-09-10,SIME,trending,2.55,,2026-09-10,1,0,True
2026-09-10,SCGBHD,trending,2.7,,2026-09-08,3,0,False
2026-09-10,SLVEST,trending,3.49,,2026-09-08,3,0,False
2026-09-10,WTK,trending,1.13,,2026-09-08,3,0,False
2026-09-10,SWKPLNT,trending,4.71,,2026-09-08,3,0,False
2026-09-10,NATGATE,trending,1.68,,2026-09-08,3,0,False
2026-09-10,CHB,trending,2.34,,2026-09-08,3,0,False
2026-09-10,VLB,trending,0.9,,2026-09-08,3,0,False
2026-09-10,WINSTAR,trending,0.665,,2026-09-09,2,0,False
2026-09-10,MKH,trending,1.99,,2026-09-08,3,0,False
2026-09-10,JAKS,trending,0.12,,2026-09-08,3,0,False
2026-09-10,LWSABAH,trending,1.74,,2026-09-08,3,0,False
2026-09-10,ECA,trending,0.395,,2026-09-08,3,0,False
2026-09-10,IJM,trending,2.86,,2026-09-08,3,0,False
2026-09-10,SOP,trending,6.04,,2026-09-10,1,0,True
2026-09-10,MI,trending,5.88,,2026-09-08,3,0,False
2026-09-10,LAGENDA,trending,1.61,,2026-09-08,3,0,False
2026-09-10,WPRTS,trending,6.94,,2026-09-10,1,0,True
2026-09-10,VITROX,trending,9.47,,2026-09-08,3,0,False
2026-09-10,KOSSAN,early_uptrend,1.19,,2026-09-10,1,0,True
2026-09-10,SCIENTX,early_uptrend,3.89,,2026-09-10,1,0,True
2026-09-10,ARMADA,early_uptrend,0.36,,2026-09-10,1,0,True
2026-09-10,PCHEM,reversal,4.82,,2026-09-08,4,0,False
2026-09-10,ITMAX,reversal,4.65,,2026-09-08,4,0,False
2026-09-10,MFCB,reversal,3.08,,2026-09-04,7,0,False
2026-09-10,DXN,reversal,0.465,,2026-09-10,1,0,True
2026-09-10,PECCA,reversal,1.35,,2026-09-04,7,0,False
2026-09-10,UTDPLT,reversal,33.3,,2026-09-08,4,0,False
2026-09-10,BJCORP,reversal,0.25,,2026-09-10,1,0,True
2026-09-10,DRBHCOM,reversal,0.98,,2026-09-08,4,0,False
2026-09-10,EFORCE,reversal,0.185,,2026-09-10,1,0,True
2026-09-10,LFG,reversal,1.59,,2026-09-02,9,0,False
2026-09-10,TGUAN,gaining_momentum,1.68,,2026-09-09,2,0,False
2026-09-10,MIKROMB,gaining_momentum,0.65,,2026-09-09,2,0,False
2026-09-11,JHM,trending,0.55,,2026-09-08,4,1,False
2026-09-11,VLB,trending,0.925,,2026-09-08,4,1,False
2026-09-11,MKHOP,trending,0.665,,2026-09-08,4,1,False
2026-09-11,UUE,trending,0.665,,2026-09-08,4,1,False
2026-09-11,CHB,trending,2.3,,2026-09-08,4,1,False
2026-09-11,CPETECH,trending,1.29,,2026-09-08,4,1,False
2026-09-11,WINSTAR,trending,0.665,,2026-09-09,3,1,False
2026-09-11,GIIB,trending,0.545,,2026-09-08,4,1,False
2026-09-11,MNHLDG,trending,3.73,,2026-09-11,1,1,True
2026-09-11,CBHB,trending,0.995,,2026-09-11,1,1,True
2026-09-11,NOTION,trending,0.675,,2026-09-08,4,1,False
2026-09-11,SCGBHD,trending,2.6,,2026-09-08,4,1,False
2026-09-11,LWSABAH,trending,1.68,,2026-09-08,4,1,False
2026-09-11,LAGENDA,trending,1.6,,2026-09-08,4,1,False
2026-09-11,SDCG,trending,0.765,,2026-09-08,4,1,False
2026-09-11,AIMFLEX,trending,0.13,,2026-09-08,4,1,False
2026-09-11,GCB,trending,1.41,,2026-09-08,4,1,False
2026-09-11,INARI,trending,2.66,,2026-09-09,3,1,False
2026-09-11,SLVEST,trending,3.35,,2026-09-08,4,1,False
2026-09-11,SSB8,trending,0.63,,2026-09-11,1,1,True
2026-09-11,M&G,trending,0.305,,2026-09-08,4,1,False
2026-09-11,AEMULUS,trending,0.405,,2026-09-09,3,1,False
2026-09-11,YEWLEE,trending,0.62,,2026-09-09,3,1,False
2026-09-11,TGUAN,trending,1.65,,2026-09-11,1,1,True
2026-09-11,SUNLOGY,trending,0.475,,2026-09-08,4,1,False
2026-09-11,JTGROUP,trending,0.97,,2026-09-08,4,1,False
2026-09-11,PWRWELL,trending,1.07,,2026-09-08,4,1,False
2026-09-11,IOICORP,trending,4.8,,2026-09-08,4,1,False
2026-09-11,SAMAIDEN,trending,1.87,,2026-09-11,1,1,True
2026-09-11,TIMWELL,trending,2.14,,2026-09-11,1,1,True
2026-09-11,TMK,trending,2.94,,2026-09-08,4,1,False
2026-09-11,SKYGATE,trending,0.92,,2026-09-10,2,1,False
2026-09-11,YTLPOWR,trending,5.7,,2026-09-08,4,1,False
2026-09-11,SIME,trending,2.55,,2026-09-10,2,1,False
2026-09-11,VITROX,trending,9.15,,2026-09-08,4,1,False
2026-09-11,RANHILL,trending,2.85,,2026-09-08,4,1,False
2026-09-11,WTK,trending,1.12,,2026-09-08,4,1,False
2026-09-11,NATGATE,trending,1.69,,2026-09-08,4,1,False
2026-09-11,IJM,trending,2.84,,2026-09-08,4,1,False
2026-09-11,JCY,trending,0.52,,2026-09-08,4,1,False
2026-09-11,SCICOM,trending,2.32,,2026-09-08,4,1,False
2026-09-11,CNERGEN,trending,0.95,,2026-09-11,1,1,True
2026-09-11,TSH,trending,1.5,,2026-09-11,1,1,True
2026-09-11,MKH,trending,1.99,,2026-09-08,4,1,False
2026-09-11,ICENTS,trending,0.845,,2026-09-08,4,1,False
2026-09-11,SWKPLNT,trending,4.73,,2026-09-08,4,1,False
2026-09-11,JAKS,trending,0.125,,2026-09-08,4,1,False
2026-09-11,KOSSAN,early_uptrend,1.21,,2026-09-10,2,1,False
2026-09-11,SCIENTX,early_uptrend,3.84,,2026-09-10,2,1,False
2026-09-11,BAUTO,reversal,0.95,,2026-09-11,1,1,True
2026-09-11,PCHEM,reversal,5.09,,2026-09-08,5,1,False
2026-09-11,ITMAX,reversal,4.63,,2026-09-08,5,1,False
2026-09-11,PHARMA,reversal,1.18,,2026-09-11,1,1,True
2026-09-11,MFCB,reversal,3.0,,2026-09-04,8,1,False
2026-09-11,DXN,reversal,0.465,,2026-09-10,2,1,False
2026-09-11,UTDPLT,reversal,33.1,,2026-09-08,5,1,False
2026-09-11,EFORCE,reversal,0.195,,2026-09-10,2,1,False
2026-09-11,BJCORP,reversal,0.25,,2026-09-10,2,1,False
2026-09-11,DRBHCOM,reversal,0.98,,2026-09-08,5,1,False
2026-09-11,LFG,reversal,1.6,,2026-09-02,10,1,False
2026-09-11,REDTONE,gaining_momentum,0.4,,2026-09-11,1,1,True
2026-09-11,KERJAYA,gaining_momentum,3.57,,2026-09-11,1,1,True
2026-09-11,MIKROMB,meta_leader,0.65,,2026-09-11,1,1,True
2026-09-11,PEKAT,meta_leader,2.07,,2026-09-11,1,1,True
2026-09-11,SOP,meta_leader,6.1,,2026-09-11,1,1,True
