Date,open,high,low,close,volume
2024-08-28,1657.77001953125,1681.3699951171875,1657.77001953125,1675.239990234375,436809600
2024-08-29,1672.949951171875,1684.6800537109375,1651.72998046875,1653.550048828125,333067600
2024-08-30,1658.47998046875,1679.8499755859375,1651.0999755859375,1678.800048828125,713923400
2024-09-02,1680.3599853515625,1683.4300537109375,1671.9000244140625,1678.18994140625,207989000
2024-09-03,1677.8199462890625,1684.06005859375,1673.8599853515625,1676.6500244140625,216652100
2024-09-04,1662.6500244140625,1675.530029296875,1662.219970703125,1670.239990234375,231641900
2024-09-05,1670.550048828125,1677.4599609375,1663.1800537109375,1664.8199462890625,301092500
2024-09-06,1669.469970703125,1671.8299560546875,1648.4200439453125,1653.1199951171875,338233700
2024-09-09,1647.199951171875,1659.1099853515625,1642.31005859375,1651.489990234375,344983500
2024-09-10,1653.800048828125,1661.0899658203125,1649.530029296875,1660.3499755859375,343812800
2024-09-11,1653.5699462890625,1654.3800048828125,1638.9000244140625,1639.800048828125,289597400
2024-09-12,1644.0400390625,1649.8699951171875,1637.9100341796875,1638.31005859375,260029100
2024-09-13,1642.6300048828125,1652.25,1638.43994140625,1652.1500244140625,234704000
2024-09-17,1654.31005859375,1664.989990234375,1651.550048828125,1664.280029296875,0
2024-09-18,1664.3299560546875,1664.780029296875,1654.0,1660.5899658203125,174843900
2024-09-19,1663.27001953125,1665.8399658203125,1657.1300048828125,1665.6500244140625,297365300
2024-09-20,1670.6800537109375,1674.0400390625,1668.47998046875,1668.8199462890625,512720600
2024-09-23,1669.9100341796875,1671.6199951171875,1658.47998046875,1665.300048828125,234422400
2024-09-24,1667.25,1671.469970703125,1665.510009765625,1670.3699951171875,209130800
2024-09-25,1674.06005859375,1675.72998046875,1665.18994140625,1673.3800048828125,239938800
2024-09-26,1670.18994140625,1672.5999755859375,1666.18994140625,1671.3199462890625,223455500
2024-09-27,1668.5899658203125,1668.5899658203125,1658.489990234375,1660.0899658203125,204790600
2024-09-30,1661.8900146484375,1661.8900146484375,1647.280029296875,1648.9100341796875,279911900
2024-10-01,1647.4200439453125,1657.3199462890625,1643.1099853515625,1656.3900146484375,175516900
2024-10-02,1642.780029296875,1647.300048828125,1633.0799560546875,1639.31005859375,209417000
2024-10-03,1640.699951171875,1643.8199462890625,1630.449951171875,1641.550048828125,196807000
2024-10-04,1638.489990234375,1639.2900390625,1625.3499755859375,1629.969970703125,207710900
2024-10-07,1633.5799560546875,1637.2900390625,1628.1199951171875,1635.2900390625,204278000
2024-10-08,1631.6300048828125,1638.8699951171875,1629.219970703125,1635.6199951171875,217848800
2024-10-09,1637.6600341796875,1642.2900390625,1634.9100341796875,1634.9100341796875,157353300
2024-10-10,1639.75,1646.1400146484375,1638.6700439453125,1640.93994140625,146543200
2024-10-11,1635.7900390625,1643.0699462890625,1631.8900146484375,1633.550048828125,301967800
2024-10-14,1637.1700439453125,1642.56005859375,1632.3699951171875,1636.5400390625,208720300
2024-10-15,1638.56005859375,1643.6400146484375,1636.8900146484375,1641.969970703125,274146500
2024-10-16,1643.800048828125,1643.800048828125,1629.81005859375,1632.6300048828125,272688900
2024-10-17,1634.469970703125,1642.9300537109375,1633.719970703125,1641.43994140625,178991000
2024-10-18,1643.2900390625,1649.31005859375,1641.7099609375,1645.989990234375,166904600
2024-10-21,1646.7099609375,1648.050048828125,1642.52001953125,1645.6800537109375,130424800
2024-10-22,1647.4599609375,1648.31005859375,1642.3499755859375,1642.5400390625,166832000
2024-10-23,1644.2099609375,1645.9000244140625,1641.530029296875,1641.530029296875,157102800
2024-10-24,1639.050048828125,1643.0799560546875,1632.22998046875,1632.22998046875,183426400
2024-10-25,1633.02001953125,1635.280029296875,1617.5999755859375,1618.300048828125,187850900
2024-10-28,1622.3399658203125,1630.3900146484375,1609.8699951171875,1610.469970703125,165445500
2024-10-29,1612.3699951171875,1619.050048828125,1609.699951171875,1615.0799560546875,191664000
2024-10-30,1614.9000244140625,1615.3599853515625,1601.449951171875,1601.8800048828125,258086300
2024-11-01,1591.06005859375,1607.0400390625,1589.27001953125,1603.97998046875,200505300
2024-11-04,1607.75,1616.4300537109375,1607.75,1616.4300537109375,149138400
2024-11-05,1618.199951171875,1620.699951171875,1613.9100341796875,1620.699951171875,165303900
2024-11-06,1624.4100341796875,1634.1700439453125,1623.52001953125,1634.1700439453125,186223800
2024-11-07,1636.1400146484375,1639.550048828125,1622.75,1623.280029296875,248637300
2024-11-08,1627.6199951171875,1627.6199951171875,1621.239990234375,1621.239990234375,124916600
2024-11-11,1625.6300048828125,1627.22998046875,1609.239990234375,1609.260009765625,139228000
2024-11-12,1610.02001953125,1615.9599609375,1605.4300537109375,1608.4300537109375,188480100
2024-11-13,1608.6099853515625,1611.5400390625,1602.7099609375,1611.5,137174800
2024-11-14,1614.8900146484375,1615.8399658203125,1598.6400146484375,1600.6800537109375,196289600
2024-11-15,1601.4300537109375,1604.510009765625,1592.43994140625,1592.43994140625,256533800
2024-11-18,1592.9100341796875,1605.4100341796875,1591.489990234375,1604.0400390625,173933200
2024-11-19,1603.1800537109375,1608.8800048828125,1601.02001953125,1602.3399658203125,161534500
2024-11-20,1602.8800048828125,1606.280029296875,1594.510009765625,1598.1800537109375,185770600
2024-11-21,1599.81005859375,1599.93994140625,1588.6800537109375,1588.6800537109375,204393700
2024-11-22,1593.0400390625,1593.8499755859375,1587.739990234375,1589.780029296875,204266200
2024-11-25,1593.8699951171875,1609.2900390625,1588.4599609375,1597.449951171875,637394100
2024-11-26,1600.5,1607.760009765625,1596.030029296875,1603.1500244140625,176537000
2024-11-27,1601.3399658203125,1609.4100341796875,1600.8299560546875,1604.25,244744300
2024-11-28,1606.3199462890625,1608.010009765625,1597.489990234375,1597.489990234375,186825600
2024-11-29,1596.3599853515625,1603.5899658203125,1586.3900146484375,1594.2900390625,264216600
2024-12-02,1596.8399658203125,1603.93994140625,1593.3699951171875,1595.47998046875,169145800
2024-12-03,1599.3199462890625,1606.9599609375,1594.0699462890625,1606.9599609375,275533700
2024-12-04,1606.969970703125,1616.030029296875,1606.530029296875,1614.0899658203125,231303800
2024-12-05,1616.1400146484375,1617.780029296875,1610.77001953125,1615.6400146484375,190971200
2024-12-06,1615.8499755859375,1617.5699462890625,1611.25,1613.25,219299100
2024-12-09,1610.6199951171875,1611.4300537109375,1602.93994140625,1611.4300537109375,151300500
2024-12-10,1612.6500244140625,1615.9300537109375,1607.8800048828125,1608.969970703125,182557200
2024-12-11,1603.18994140625,1605.010009765625,1598.9300537109375,1603.199951171875,178589300
2024-12-12,1601.8299560546875,1605.949951171875,1597.1199951171875,1602.0799560546875,160848300
2024-12-13,1603.8599853515625,1611.97998046875,1603.739990234375,1608.75,145118100
2024-12-16,1608.8800048828125,1609.4300537109375,1603.2099609375,1606.8499755859375,142536000
2024-12-17,1605.260009765625,1606.81005859375,1594.510009765625,1597.3299560546875,179740700
2024-12-18,1597.3299560546875,1602.3800048828125,1594.75,1599.5799560546875,145107900
2024-12-19,1595.1800537109375,1600.72998046875,1590.8299560546875,1600.0899658203125,310879600
2024-12-20,1600.4100341796875,1606.280029296875,1591.4100341796875,1591.4100341796875,419509500
2024-12-23,1594.0999755859375,1601.9000244140625,1592.5699462890625,1596.199951171875,164811900
2024-12-24,1596.6400146484375,1603.8900146484375,1596.6400146484375,1602.989990234375,95048400
2024-12-26,1603.5799560546875,1615.280029296875,1602.7900390625,1613.699951171875,120934600
2024-12-27,1617.56005859375,1632.6300048828125,1616.68994140625,1628.1400146484375,130614200
2024-12-30,1626.1400146484375,1638.56005859375,1624.9200439453125,1637.6800537109375,134711300
2024-12-31,1638.4300537109375,1644.5400390625,1632.8499755859375,1642.3299560546875,161319700
2025-01-02,1641.3199462890625,1641.3199462890625,1629.22998046875,1632.8699951171875,105628200
2025-01-03,1634.93994140625,1636.0799560546875,1626.0400390625,1629.4599609375,165072500
2025-01-06,1629.739990234375,1631.7099609375,1623.6400146484375,1625.469970703125,152866300
2025-01-07,1624.5,1634.27001953125,1624.5,1629.7900390625,264411300
2025-01-08,1628.9200439453125,1631.1500244140625,1614.8299560546875,1614.8299560546875,235170400
2025-01-09,1618.1700439453125,1618.1700439453125,1600.75,1600.81005859375,237734300
2025-01-10,1603.5400390625,1605.739990234375,1599.7099609375,1602.4100341796875,183779800
2025-01-13,1598.9599609375,1599.3599853515625,1578.969970703125,1585.5899658203125,225808500
2025-01-14,1592.969970703125,1599.4300537109375,1576.4599609375,1576.4599609375,258188800
2025-01-15,1582.3299560546875,1586.2099609375,1558.5999755859375,1562.1199951171875,291412300
2025-01-16,1572.6099853515625,1576.5699462890625,1555.5400390625,1555.5400390625,262005600
2025-01-17,1553.4300537109375,1569.4300537109375,1545.6700439453125,1566.719970703125,319234200
2025-01-20,1571.1400146484375,1575.1099853515625,1563.47998046875,1572.3399658203125,206696900
2025-01-21,1574.9100341796875,1582.3199462890625,1570.969970703125,1580.4599609375,207221800
2025-01-22,1583.219970703125,1590.81005859375,1581.4000244140625,1587.800048828125,175761600
2025-01-23,1586.52001953125,1586.52001953125,1575.6700439453125,1577.199951171875,174593300
2025-01-24,1577.5,1577.5,1566.8399658203125,1573.72998046875,364513300
2025-01-27,1573.31005859375,1573.31005859375,1558.969970703125,1558.969970703125,249788000
2025-01-28,1557.43994140625,1557.43994140625,1544.8699951171875,1552.68994140625,252246900
2025-01-31,1553.780029296875,1563.030029296875,1545.8399658203125,1556.9200439453125,244494100
2025-02-03,1547.56005859375,1556.739990234375,1546.6800537109375,1553.6300048828125,143945600
2025-02-04,1557.030029296875,1564.969970703125,1554.5899658203125,1564.56005859375,172653100
2025-02-05,1565.6300048828125,1576.449951171875,1564.4300537109375,1574.510009765625,215008500
2025-02-06,1576.4300537109375,1585.1700439453125,1573.9000244140625,1585.1700439453125,150941600
2025-02-07,1583.6199951171875,1591.489990234375,1582.9200439453125,1590.9100341796875,181303100
2025-02-10,1587.6500244140625,1590.489990234375,1584.199951171875,1589.949951171875,152037700
2025-02-12,1592.3199462890625,1603.050048828125,1592.3199462890625,1603.050048828125,231113400
2025-02-13,1601.97998046875,1605.47998046875,1592.199951171875,1592.280029296875,162305100
2025-02-14,1592.9100341796875,1595.010009765625,1587.5799560546875,1591.5999755859375,155369300
2025-02-17,1592.47998046875,1592.47998046875,1580.93994140625,1582.760009765625,133784600
2025-02-18,1580.219970703125,1584.8399658203125,1575.6800537109375,1584.8399658203125,164129600
2025-02-19,1583.219970703125,1583.75,1578.8900146484375,1580.8800048828125,162777600
2025-02-20,1580.6199951171875,1581.489990234375,1572.510009765625,1577.6700439453125,185999400
2025-02-21,1579.9200439453125,1591.030029296875,1578.1400146484375,1591.030029296875,228060300
2025-02-24,1586.3900146484375,1586.3900146484375,1577.949951171875,1584.25,181639400
2025-02-25,1582.72998046875,1583.739990234375,1564.3199462890625,1568.030029296875,207845600
2025-02-26,1566.27001953125,1588.7099609375,1565.4599609375,1588.7099609375,187285900
2025-02-27,1587.989990234375,1588.2900390625,1583.449951171875,1586.5999755859375,199594400
2025-02-28,1581.969970703125,1581.969970703125,1573.8199462890625,1574.699951171875,587048700
2025-03-03,1572.27001953125,1580.800048828125,1568.5899658203125,1571.3900146484375,170194100
2025-03-04,1561.699951171875,1564.260009765625,1555.0400390625,1555.6600341796875,219136200
2025-03-05,1560.56005859375,1569.6099853515625,1560.56005859375,1564.4200439453125,241461300
2025-03-06,1568.949951171875,1569.4300537109375,1554.8499755859375,1558.9100341796875,221145000
2025-03-07,1555.75,1556.4599609375,1543.2099609375,1547.27001953125,202245800
2025-03-10,1545.5799560546875,1550.0,1536.4599609375,1536.4599609375,190074000
2025-03-11,1526.010009765625,1527.18994140625,1514.47998046875,1520.1500244140625,275241700
2025-03-12,1504.7099609375,1505.3299560546875,1478.8399658203125,1484.8299560546875,411940800
2025-03-13,1488.7900390625,1513.969970703125,1487.0,1510.030029296875,298233900
2025-03-14,1499.949951171875,1516.25,1493.2900390625,1512.1500244140625,244594300
2025-03-17,1517.5799560546875,1531.6300048828125,1517.5799560546875,1527.81005859375,228162100
2025-03-19,1513.2900390625,1523.3900146484375,1512.2099609375,1517.6600341796875,293983100
2025-03-20,1522.4000244140625,1524.22998046875,1504.1400146484375,1504.1600341796875,260956200
2025-03-21,1503.8699951171875,1513.22998046875,1503.7099609375,1505.449951171875,463348500
2025-03-24,1506.5,1508.9000244140625,1502.97998046875,1503.8199462890625,143484800
2025-03-25,1510.0699462890625,1515.8699951171875,1509.4000244140625,1513.5999755859375,234960900
2025-03-26,1516.6099853515625,1525.72998046875,1514.6500244140625,1518.050048828125,227859000
2025-03-27,1513.0799560546875,1535.72998046875,1512.81005859375,1535.72998046875,251004300
2025-03-28,1531.5699462890625,1533.52001953125,1513.6500244140625,1513.6500244140625,214329300
2025-04-02,1517.1400146484375,1526.52001953125,1514.0799560546875,1526.52001953125,192846200
2025-04-03,1517.300048828125,1524.4100341796875,1512.3199462890625,1518.9100341796875,135519700
2025-04-04,1509.010009765625,1515.739990234375,1500.9000244140625,1504.1400146484375,167969200
2025-04-07,1475.31005859375,1475.31005859375,1419.050048828125,1443.800048828125,433196400
2025-04-08,1451.4300537109375,1454.5799560546875,1440.8900146484375,1443.56005859375,270115200
2025-04-09,1437.010009765625,1438.989990234375,1386.6300048828125,1400.5899658203125,388230000
2025-04-10,1464.300048828125,1473.3599853515625,1453.1300048828125,1463.1300048828125,329775100
2025-04-11,1441.6600341796875,1462.1500244140625,1434.9200439453125,1454.760009765625,222545200
2025-04-14,1474.050048828125,1480.8599853515625,1472.1400146484375,1480.8599853515625,170780900
2025-04-15,1484.010009765625,1489.9000244140625,1480.02001953125,1486.4300537109375,160107300
2025-04-16,1486.449951171875,1487.5,1472.8399658203125,1476.9200439453125,127491300
2025-04-17,1475.1700439453125,1487.27001953125,1473.2099609375,1483.27001953125,147707100
2025-04-18,1481.6400146484375,1499.4000244140625,1480.52001953125,1499.4000244140625,92423500
2025-04-21,1502.0799560546875,1502.0799560546875,1494.27001953125,1499.469970703125,90688500
2025-04-22,1492.43994140625,1492.43994140625,1482.699951171875,1486.25,146820900
2025-04-23,1497.3599853515625,1501.18994140625,1493.260009765625,1501.18994140625,185262000
2025-04-24,1500.550048828125,1507.449951171875,1500.4000244140625,1506.52001953125,177143300
2025-04-25,1511.6400146484375,1512.2900390625,1505.6800537109375,1509.199951171875,144754400
2025-04-28,1511.8299560546875,1521.5899658203125,1511.47998046875,1521.5899658203125,115127200
2025-04-29,1520.97998046875,1524.5,1515.56005859375,1515.56005859375,124750500
2025-04-30,1518.0699462890625,1540.219970703125,1518.0699462890625,1540.219970703125,193655400
2025-05-02,1537.4200439453125,1542.489990234375,1532.22998046875,1542.489990234375,197063700
2025-05-05,1541.780029296875,1548.949951171875,1534.52001953125,1539.5400390625,165133400
2025-05-06,1540.6400146484375,1544.97998046875,1533.1500244140625,1536.800048828125,156487400
2025-05-07,1536.56005859375,1549.9000244140625,1536.56005859375,1549.9000244140625,227016800
2025-05-08,1550.2099609375,1551.5899658203125,1541.449951171875,1542.739990234375,224050100
2025-05-09,1544.989990234375,1547.739990234375,1542.739990234375,1546.5,135391100
2025-05-13,1561.3900146484375,1582.550048828125,1561.3900146484375,1582.3900146484375,386090800
2025-05-14,1583.22998046875,1583.6700439453125,1573.43994140625,1583.510009765625,230706300
2025-05-15,1582.75,1586.8499755859375,1572.27001953125,1573.02001953125,182969300
2025-05-16,1575.5999755859375,1580.06005859375,1568.699951171875,1571.75,176460500
2025-05-19,1566.5699462890625,1566.5699462890625,1550.9300537109375,1556.1400146484375,183818900
2025-05-20,1556.9200439453125,1561.0999755859375,1545.77001953125,1548.8699951171875,191012100
2025-05-21,1552.93994140625,1553.8399658203125,1542.469970703125,1544.800048828125,197463300
2025-05-22,1541.4599609375,1541.4599609375,1527.02001953125,1527.02001953125,202422700
2025-05-23,1531.9300537109375,1536.75,1531.760009765625,1535.3800048828125,199840200
2025-05-26,1536.3299560546875,1537.27001953125,1528.9300537109375,1534.300048828125,121986000
2025-05-27,1535.239990234375,1535.4100341796875,1521.9300537109375,1526.1600341796875,186428700
2025-05-28,1530.1400146484375,1532.800048828125,1523.47998046875,1523.47998046875,194154500
2025-05-29,1525.5999755859375,1526.93994140625,1518.3800048828125,1518.97998046875,174288200
2025-05-30,1521.219970703125,1522.06005859375,1508.3499755859375,1508.3499755859375,518591100
2025-06-03,1512.719970703125,1514.1199951171875,1497.4200439453125,1503.25,185951100
2025-06-04,1507.0999755859375,1507.969970703125,1501.1099853515625,1507.969970703125,216742500
2025-06-05,1510.699951171875,1520.3399658203125,1509.25,1518.1199951171875,253379700
2025-06-06,1516.9100341796875,1518.7099609375,1513.3900146484375,1516.7900390625,152100800
2025-06-09,1518.06005859375,1521.6400146484375,1518.030029296875,1519.4100341796875,144419200
2025-06-10,1519.7099609375,1522.4300537109375,1516.22998046875,1516.949951171875,173082800
2025-06-11,1520.8599853515625,1530.8499755859375,1520.8599853515625,1523.8399658203125,275860200
2025-06-12,1527.7099609375,1528.719970703125,1523.219970703125,1526.6199951171875,189752800
2025-06-13,1522.469970703125,1522.699951171875,1515.0999755859375,1518.1099853515625,160097400
2025-06-16,1517.8699951171875,1521.3800048828125,1512.260009765625,1519.989990234375,166021000
2025-06-17,1518.8199462890625,1520.8900146484375,1510.9200439453125,1511.6400146484375,147877300
2025-06-18,1511.8900146484375,1512.9599609375,1509.4200439453125,1511.949951171875,153701600
2025-06-19,1512.93994140625,1512.93994140625,1501.3800048828125,1501.43994140625,123664800
2025-06-20,1500.93994140625,1507.969970703125,1500.0400390625,1502.739990234375,404511300
2025-06-23,1493.18994140625,1516.6099853515625,1488.8900146484375,1516.6099853515625,152617200
2025-06-24,1514.25,1519.06005859375,1511.0899658203125,1514.2900390625,166304200
2025-06-25,1518.6700439453125,1524.7099609375,1515.8599853515625,1519.7900390625,180417200
2025-06-26,1520.239990234375,1528.1600341796875,1520.239990234375,1528.1600341796875,214545600
2025-06-30,1533.4100341796875,1538.0999755859375,1526.300048828125,1532.9599609375,275196200
2025-07-01,1533.989990234375,1541.530029296875,1532.2900390625,1541.530029296875,210974600
2025-07-02,1539.72998046875,1550.2099609375,1539.1800537109375,1550.2099609375,227442000
2025-07-03,1546.1400146484375,1548.989990234375,1540.3499755859375,1548.989990234375,246417400
2025-07-04,1550.739990234375,1551.780029296875,1547.699951171875,1550.18994140625,213981000
2025-07-07,1544.739990234375,1544.739990234375,1534.6700439453125,1537.5400390625,239519500
2025-07-08,1529.68994140625,1531.1400146484375,1526.27001953125,1530.1400146484375,175341200
2025-07-09,1529.0,1532.6199951171875,1523.2099609375,1529.239990234375,164963400
2025-07-10,1531.4300537109375,1536.52001953125,1523.25,1536.52001953125,204036900
2025-07-11,1537.8800048828125,1541.93994140625,1530.77001953125,1536.0699462890625,195392700
2025-07-14,1535.56005859375,1538.3299560546875,1533.9300537109375,1537.510009765625,115095900
2025-07-15,1536.06005859375,1538.56005859375,1525.4000244140625,1525.4000244140625,165557600
2025-07-16,1523.77001953125,1526.2900390625,1510.1400146484375,1511.5,178459700
2025-07-17,1511.8900146484375,1521.1500244140625,1511.6400146484375,1520.93994140625,197536400
2025-07-18,1522.969970703125,1529.52001953125,1522.969970703125,1525.8599853515625,231202000
2025-07-21,1526.4599609375,1526.699951171875,1520.02001953125,1524.5899658203125,160470400
2025-07-22,1526.2900390625,1527.9000244140625,1518.75,1519.4000244140625,123201100
2025-07-23,1519.47998046875,1529.7900390625,1519.47998046875,1529.7900390625,163155000
2025-07-24,1531.050048828125,1540.3199462890625,1529.7099609375,1540.3199462890625,171355500
2025-07-25,1538.6600341796875,1539.8199462890625,1525.97998046875,1533.760009765625,156077500
2025-07-28,1538.050048828125,1539.3800048828125,1528.3399658203125,1529.3800048828125,180890200
2025-07-29,1529.5799560546875,1537.6199951171875,1523.8199462890625,1523.8199462890625,177935200
2025-07-30,1524.0999755859375,1524.5,1516.9599609375,1524.5,164771700
2025-07-31,1523.989990234375,1524.050048828125,1513.25,1513.25,275598100
2025-08-01,1519.8699951171875,1534.47998046875,1519.1700439453125,1533.3499755859375,146055100
2025-08-04,1530.280029296875,1530.280029296875,1522.9599609375,1526.97998046875,127162100
2025-08-05,1528.6300048828125,1538.6400146484375,1528.6300048828125,1538.6400146484375,239523700
2025-08-06,1537.9200439453125,1542.8900146484375,1533.06005859375,1541.47998046875,186087600
2025-08-07,1540.5,1549.1099853515625,1537.739990234375,1549.1099853515625,177650300
2025-08-08,1549.0,1556.97998046875,1546.4100341796875,1556.97998046875,215176600
2025-08-11,1557.739990234375,1565.43994140625,1554.949951171875,1563.239990234375,186306900
2025-08-12,1561.8299560546875,1572.969970703125,1561.8299560546875,1567.9000244140625,168959000
2025-08-13,1569.0699462890625,1590.6099853515625,1569.0699462890625,1586.5999755859375,308045100
2025-08-14,1586.9100341796875,1595.31005859375,1575.7900390625,1581.050048828125,279484200
2025-08-15,1581.75,1581.7900390625,1571.18994140625,1576.3399658203125,180941100
2025-08-18,1578.260009765625,1588.6099853515625,1575.47998046875,1584.9599609375,291643200
2025-08-19,1587.4300537109375,1594.4000244140625,1584.6199951171875,1590.239990234375,255717800
2025-08-20,1588.030029296875,1591.0400390625,1583.4000244140625,1588.2099609375,273827300
2025-08-21,1591.9200439453125,1596.02001953125,1589.8800048828125,1592.8699951171875,305189800
2025-08-22,1593.800048828125,1603.18994140625,1593.4200439453125,1597.469970703125,244636700
2025-08-25,1602.8199462890625,1609.6500244140625,1599.5899658203125,1602.449951171875,298785900
2025-08-26,1602.9000244140625,1604.52001953125,1581.5899658203125,1581.5899658203125,922433700
2025-08-27,1581.77001953125,1587.9100341796875,1576.75,1587.9100341796875,292236900
2025-08-28,1589.260009765625,1596.1600341796875,1587.0699462890625,1587.0699462890625,307603100
2025-08-29,1586.8299560546875,1587.300048828125,1572.239990234375,1575.1199951171875,323883300
2025-09-02,1576.8599853515625,1576.9100341796875,1561.3599853515625,1576.699951171875,261521800
2025-09-03,1575.22998046875,1582.3399658203125,1573.949951171875,1578.52001953125,270878800
2025-09-04,1579.9200439453125,1581.8900146484375,1575.989990234375,1578.1500244140625,219533800
2025-09-08,1581.219970703125,1587.1600341796875,1579.5699462890625,1585.5899658203125,168392900
2025-09-09,1586.97998046875,1587.530029296875,1581.8900146484375,1586.81005859375,242971400
2025-09-10,1588.0400390625,1590.800048828125,1585.2099609375,1590.75,202912700
2025-09-11,1582.8299560546875,1583.8199462890625,1580.1600341796875,1582.8499755859375,205392000
2025-09-12,1588.0400390625,1600.1300048828125,1585.06005859375,1600.1300048828125,156386900
2025-09-17,1602.219970703125,1611.699951171875,1599.6099853515625,1611.699951171875,271473600
2025-09-18,1606.8599853515625,1606.8599853515625,1597.4100341796875,1598.9300537109375,197844300
2025-09-19,1598.989990234375,1600.4000244140625,1595.6800537109375,1598.22998046875,315299300
2025-09-22,1599.780029296875,1604.31005859375,1596.4599609375,1603.3399658203125,164779800
2025-09-23,1604.9000244140625,1608.489990234375,1602.030029296875,1603.550048828125,163967500
2025-09-24,1602.81005859375,1602.81005859375,1597.800048828125,1599.6600341796875,236874400
2025-09-25,1599.5699462890625,1600.8900146484375,1595.0400390625,1598.469970703125,210716300
2025-09-26,1597.010009765625,1611.3199462890625,1595.3199462890625,1609.050048828125,231477100
2025-09-29,1609.75,1613.530029296875,1606.760009765625,1610.949951171875,184578100
2025-09-30,1611.8199462890625,1619.1099853515625,1608.68994140625,1611.8800048828125,299730100
2025-10-01,1612.6199951171875,1624.0400390625,1612.6199951171875,1620.8699951171875,175175200
2025-10-02,1621.6800537109375,1640.1700439453125,1621.6800537109375,1637.800048828125,269241100
2025-10-03,1658.72998046875,1658.72998046875,1631.4300537109375,1635.06005859375,163922700
2025-10-06,1636.1400146484375,1638.0899658203125,1629.9300537109375,1638.0899658203125,180593900
2025-10-07,1636.06005859375,1636.5,1624.3499755859375,1630.030029296875,203738200
2025-10-08,1628.1500244140625,1628.1500244140625,1621.1700439453125,1627.5,190616300
2025-10-09,1628.8699951171875,1632.530029296875,1626.6700439453125,1629.6700439453125,254565400
2025-10-10,1628.1600341796875,1628.2099609375,1621.739990234375,1622.25,208692800
2025-10-13,1601.75,1618.1300048828125,1601.75,1615.18994140625,182977700
2025-10-14,1617.2900390625,1622.75,1610.050048828125,1611.4599609375,230412700
2025-10-15,1615.0699462890625,1619.5799560546875,1611.1199951171875,1611.550048828125,251767500
2025-10-16,1611.3900146484375,1617.280029296875,1611.280029296875,1612.2900390625,149365700
2025-10-17,1613.68994140625,1616.3599853515625,1604.719970703125,1607.1800537109375,185412200
2025-10-21,1611.780029296875,1617.1500244140625,1609.02001953125,1616.8299560546875,183064200
2025-10-22,1617.56005859375,1617.56005859375,1602.06005859375,1602.68994140625,146927500
2025-10-23,1601.260009765625,1608.0,1601.260009765625,1608.0,190152300
2025-10-24,1607.030029296875,1615.300048828125,1607.030029296875,1613.27001953125,172155600
2025-10-27,1620.1099853515625,1623.22998046875,1617.449951171875,1618.3800048828125,192924600
2025-10-28,1620.22998046875,1620.22998046875,1610.1800537109375,1613.56005859375,218172100
2025-10-29,1614.5699462890625,1617.02001953125,1606.43994140625,1611.5400390625,131280300
2025-10-30,1614.1600341796875,1615.1800537109375,1611.6199951171875,1614.199951171875,193579600
2025-10-31,1609.8900146484375,1615.0999755859375,1607.6600341796875,1609.1500244140625,180138900
2025-11-03,1610.7900390625,1622.4200439453125,1608.8499755859375,1622.4200439453125,81104400
2025-11-04,1621.219970703125,1630.9100341796875,1621.219970703125,1623.5,167092600
2025-11-05,1622.239990234375,1623.1600341796875,1614.300048828125,1621.550048828125,166965600
2025-11-06,1621.489990234375,1624.2900390625,1618.93994140625,1618.93994140625,177591400
2025-11-07,1617.6300048828125,1621.18994140625,1616.5,1619.1300048828125,176091000
2025-11-10,1621.530029296875,1633.52001953125,1620.489990234375,1627.3800048828125,156713600
2025-11-11,1631.52001953125,1642.9000244140625,1630.77001953125,1634.8299560546875,248402700
2025-11-12,1636.739990234375,1641.27001953125,1630.1199951171875,1631.6099853515625,251510200
2025-11-13,1633.7900390625,1635.27001953125,1631.1500244140625,1632.27001953125,209492900
2025-11-14,1630.81005859375,1630.9599609375,1623.81005859375,1625.6700439453125,199969600
2025-11-17,1627.469970703125,1633.8399658203125,1626.22998046875,1627.4300537109375,188900100
2025-11-18,1627.0,1627.3199462890625,1613.760009765625,1614.06005859375,234678400
2025-11-19,1613.43994140625,1623.8900146484375,1613.050048828125,1623.8900146484375,201224100
2025-11-20,1628.43994140625,1629.68994140625,1619.260009765625,1619.9599609375,185279400
2025-11-21,1617.719970703125,1618.8599853515625,1614.5999755859375,1617.5699462890625,203131600
2025-11-24,1620.1400146484375,1621.260009765625,1609.8800048828125,1618.780029296875,489576500
2025-11-25,1619.5400390625,1620.989990234375,1611.25,1611.739990234375,181857200
2025-11-26,1616.1300048828125,1624.969970703125,1614.4100341796875,1624.5,224037400
2025-11-27,1627.1600341796875,1629.260009765625,1615.969970703125,1617.4599609375,207334000
2025-11-28,1616.75,1617.260009765625,1597.6800537109375,1604.469970703125,277401500
2025-12-01,1608.260009765625,1625.4200439453125,1608.260009765625,1624.5699462890625,197661800
2025-12-02,1627.0699462890625,1634.3499755859375,1624.469970703125,1630.5999755859375,262521100
2025-12-03,1631.4599609375,1632.949951171875,1617.7900390625,1622.8399658203125,151137200
2025-12-04,1624.6300048828125,1625.989990234375,1616.489990234375,1621.0699462890625,182264300
2025-12-05,1620.699951171875,1621.25,1609.6700439453125,1616.52001953125,159772100
2025-12-08,1616.030029296875,1616.489990234375,1601.5,1612.780029296875,151561400
2025-12-09,1619.1400146484375,1620.72998046875,1606.22998046875,1614.1700439453125,176320100
2025-12-10,1611.0400390625,1612.5,1606.1099853515625,1611.0,134862500
2025-12-11,1612.8599853515625,1625.3900146484375,1609.9599609375,1625.3900146484375,203357400
2025-12-12,1622.56005859375,1640.3599853515625,1622.030029296875,1637.81005859375,202172000
2025-12-15,1635.0799560546875,1644.050048828125,1632.5400390625,1643.719970703125,166903100
2025-12-16,1642.77001953125,1648.7099609375,1636.5,1648.31005859375,180710600
2025-12-17,1645.3199462890625,1646.6600341796875,1639.1300048828125,1641.43994140625,190602200
2025-12-18,1640.22998046875,1647.800048828125,1636.6099853515625,1646.9000244140625,202204600
2025-12-19,1648.050048828125,1668.1500244140625,1647.5999755859375,1665.9000244140625,290716800
2025-12-22,1664.280029296875,1671.2900390625,1663.1199951171875,1671.2900390625,151411900
2025-12-23,1668.780029296875,1676.6400146484375,1666.9599609375,1676.6400146484375,137369300
2025-12-24,1676.0,1678.8499755859375,1673.6400146484375,1678.31005859375,154290900
2025-12-26,1677.5,1678.2900390625,1670.8299560546875,1677.0999755859375,95594100
2025-12-29,1677.31005859375,1680.989990234375,1668.47998046875,1680.989990234375,130192300
2025-12-30,1677.6600341796875,1684.530029296875,1673.8699951171875,1684.530029296875,150847100
2025-12-31,1681.780029296875,1681.780029296875,1671.5899658203125,1680.1099853515625,196453800
2026-01-02,1675.199951171875,1675.199951171875,1666.1700439453125,1669.760009765625,147526000
2026-01-05,1669.0799560546875,1681.93994140625,1669.0799560546875,1680.3199462890625,163418100
2026-01-06,1678.4100341796875,1679.260009765625,1667.8199462890625,1672.3499755859375,204528000
2026-01-07,1671.469970703125,1676.8299560546875,1665.93994140625,1676.8299560546875,212686900
2026-01-08,1674.219970703125,1674.43994140625,1666.3399658203125,1669.5699462890625,219763300
2026-01-09,1670.43994140625,1686.5400390625,1670.280029296875,1686.5400390625,217589200
2026-01-12,1687.0699462890625,1697.780029296875,1686.5699462890625,1695.43994140625,199132700
2026-01-13,1700.739990234375,1708.199951171875,1698.7900390625,1708.199951171875,272751600
2026-01-14,1705.8800048828125,1711.6600341796875,1704.030029296875,1710.9100341796875,252430200
2026-01-15,1710.3499755859375,1715.1600341796875,1701.8299560546875,1715.1600341796875,262232600
2026-01-16,1717.6300048828125,1721.47998046875,1708.030029296875,1712.739990234375,243266500
2026-01-19,1710.5699462890625,1712.3299560546875,1704.6400146484375,1712.3299560546875,178366700
2026-01-20,1711.02001953125,1711.02001953125,1695.81005859375,1699.06005859375,232590500
2026-01-21,1694.81005859375,1708.6199951171875,1693.949951171875,1705.81005859375,279431400
2026-01-22,1713.8900146484375,1717.6600341796875,1711.2900390625,1717.1400146484375,304214800
2026-01-23,1715.8399658203125,1723.4100341796875,1711.8900146484375,1719.989990234375,276287400
2026-01-26,1721.6300048828125,1746.97998046875,1721.6300048828125,1744.0699462890625,332534800
2026-01-27,1749.25,1771.25,1749.0999755859375,1771.25,408884100
2026-01-28,1769.7900390625,1769.9000244140625,1750.050048828125,1756.489990234375,330710700
2026-01-29,1753.31005859375,1753.31005859375,1719.52001953125,1730.8900146484375,332793600
2026-01-30,1732.6199951171875,1744.8199462890625,1732.6199951171875,1740.8800048828125,302487600
2026-02-03,1756.0899658203125,1757.510009765625,1742.6800537109375,1748.260009765625,302018600
2026-02-04,1746.4200439453125,1751.219970703125,1740.489990234375,1742.8199462890625,234761100
2026-02-05,1745.8199462890625,1747.1800537109375,1731.02001953125,1731.02001953125,269677200
2026-02-06,1729.22998046875,1732.8299560546875,1723.9100341796875,1732.8299560546875,248870100
2026-02-09,1744.739990234375,1752.1300048828125,1736.3199462890625,1751.300048828125,241030100
2026-02-10,1755.4599609375,1761.5699462890625,1745.1600341796875,1747.5400390625,246506700
2026-02-11,1751.22998046875,1757.1500244140625,1745.510009765625,1756.3900146484375,298514000
2026-02-12,1755.0899658203125,1758.06005859375,1748.300048828125,1750.8499755859375,231397800
2026-02-13,1747.8900146484375,1751.3800048828125,1738.93994140625,1739.5400390625,248850300
2026-02-16,1740.6600341796875,1743.010009765625,1733.06005859375,1741.260009765625,160013300
2026-02-19,1748.0799560546875,1755.0799560546875,1743.6300048828125,1752.1099853515625,232446000
2026-02-20,1752.7900390625,1754.199951171875,1746.0799560546875,1752.8299560546875,194450300
2026-02-23,1756.969970703125,1760.030029296875,1752.47998046875,1757.97998046875,234145400
2026-02-24,1755.989990234375,1756.0,1746.9100341796875,1754.010009765625,282172700
2026-02-25,1755.3599853515625,1755.3599853515625,1744.4599609375,1747.81005859375,270707000
2026-02-26,1749.4300537109375,1749.4300537109375,1726.9200439453125,1740.93994140625,369947200
2026-02-27,1737.06005859375,1737.06005859375,1714.0899658203125,1716.6099853515625,585591100
2026-03-02,1688.6400146484375,1703.9000244140625,1684.280029296875,1700.2099609375,300128000
2026-03-03,1704.22998046875,1715.9300537109375,1704.22998046875,1711.949951171875,305002300
2026-03-04,1711.4300537109375,1713.18994140625,1694.75,1698.219970703125,314172300
2026-03-05,1706.25,1713.199951171875,1701.8299560546875,1713.199951171875,268423000
2026-03-06,1712.5999755859375,1719.949951171875,1708.47998046875,1718.06005859375,352875300
2026-03-09,1699.1300048828125,1702.77001953125,1664.0699462890625,1674.1700439453125,463924500
2026-03-10,1684.8499755859375,1703.6099853515625,1684.8499755859375,1701.6800537109375,310624300
2026-03-11,1700.0999755859375,1709.9300537109375,1699.02001953125,1708.780029296875,220185500
2026-03-12,1700.68994140625,1711.010009765625,1694.800048828125,1711.010009765625,312402100
2026-03-13,1701.93994140625,1709.050048828125,1696.0400390625,1698.8499755859375,306252100
2026-03-16,1696.4100341796875,1701.1800537109375,1688.4599609375,1696.56005859375,224550900
2026-03-17,1703.1600341796875,1713.25,1701.18994140625,1710.989990234375,261486200
2026-03-18,1713.969970703125,1730.719970703125,1713.4200439453125,1729.81005859375,280433200
2026-03-19,1723.2900390625,1737.1199951171875,1719.9300537109375,1720.7099609375,427059000
2026-03-24,1732.0899658203125,1732.0899658203125,1704.06005859375,1708.760009765625,427164700
2026-03-25,1722.5,1725.9300537109375,1711.9000244140625,1716.6800537109375,381157400
2026-03-26,1719.4599609375,1719.8900146484375,1710.8900146484375,1710.8900146484375,368016900
2026-03-27,1712.72998046875,1716.280029296875,1708.449951171875,1712.6500244140625,408697800
2026-03-30,1702.0799560546875,1702.3800048828125,1682.7900390625,1687.9000244140625,588450600
2026-03-31,1694.2900390625,1695.77001953125,1683.97998046875,1690.3599853515625,460982100
2026-04-01,1715.93994140625,1715.93994140625,1700.199951171875,1708.9000244140625,351033100
2026-04-02,1712.0400390625,1712.800048828125,1688.8900146484375,1698.300048828125,355567800
2026-04-03,1704.1199951171875,1708.1199951171875,1693.6500244140625,1695.5,307479000
2026-04-06,1694.3199462890625,1697.8800048828125,1677.780029296875,1680.8299560546875,302919300
2026-04-07,1684.050048828125,1687.5999755859375,1673.1400146484375,1676.8599853515625,251437900
2026-04-08,1688.510009765625,1696.31005859375,1683.5799560546875,1696.31005859375,336574200
2026-04-09,1692.6500244140625,1692.6500244140625,1680.010009765625,1686.239990234375,272166600
2026-04-10,1691.469970703125,1692.969970703125,1685.6600341796875,1691.31005859375,271090100
2026-04-13,1682.4300537109375,1685.52001953125,1675.6400146484375,1680.52001953125,242099900
2026-04-14,1690.9599609375,1694.1600341796875,1686.06005859375,1688.1199951171875,242078200
2026-04-15,1691.4200439453125,1695.6800537109375,1680.4599609375,1683.4200439453125,266750200
2026-04-16,1684.8599853515625,1690.8299560546875,1682.81005859375,1689.7099609375,292753700
2026-04-17,1689.0699462890625,1696.3900146484375,1682.8800048828125,1695.2099609375,269384300
2026-04-20,1693.5,1703.6400146484375,1689.0,1702.300048828125,234380500
2026-04-21,1702.6099853515625,1716.6400146484375,1700.5400390625,1715.3299560546875,255418100
2026-04-22,1718.0,1720.4599609375,1705.1099853515625,1710.3900146484375,202099800
2026-04-23,1715.550048828125,1723.510009765625,1714.4100341796875,1721.699951171875,243313000
2026-04-24,1723.25,1724.300048828125,1719.72998046875,1720.3399658203125,234305600
2026-04-27,1724.469970703125,1731.7900390625,1717.27001953125,1717.27001953125,203342400
2026-04-28,1721.4000244140625,1729.5999755859375,1714.1199951171875,1729.5999755859375,234894500
2026-04-29,1731.6500244140625,1733.8399658203125,1718.449951171875,1720.4200439453125,218878100
2026-04-30,1720.22998046875,1722.030029296875,1712.1400146484375,1722.02001953125,255549000
2026-05-04,1728.739990234375,1739.77001953125,1725.010009765625,1739.77001953125,175441600
2026-05-05,1737.800048828125,1747.8199462890625,1732.6400146484375,1747.4300537109375,181688100
2026-05-06,1749.0799560546875,1760.300048828125,1746.800048828125,1756.8699951171875,338686500
2026-05-07,1762.81005859375,1768.4599609375,1758.4200439453125,1758.8499755859375,366627200
2026-05-08,1758.0699462890625,1760.18994140625,1748.06005859375,1748.06005859375,200609300
2026-05-11,1754.0,1754.0,1744.989990234375,1745.31005859375,208709200
2026-05-12,1748.449951171875,1755.5400390625,1748.449951171875,1750.56005859375,188430600
2026-05-13,1750.6600341796875,1752.6400146484375,1742.4100341796875,1746.31005859375,260399300
2026-05-14,1749.0999755859375,1750.6300048828125,1740.3499755859375,1745.5799560546875,204773300
2026-05-15,1747.68994140625,1748.8499755859375,1735.510009765625,1740.219970703125,238475000
2026-05-18,1741.93994140625,1742.5999755859375,1727.7099609375,1727.7099609375,162894000
2026-05-19,1732.8800048828125,1734.3199462890625,1726.1300048828125,1727.27001953125,216543600
2026-05-20,1726.93994140625,1727.5,1716.469970703125,1717.68994140625,263063300
2026-05-21,1721.4300537109375,1722.5,1708.3599853515625,1708.3599853515625,266698400
2026-05-22,1711.7099609375,1715.7099609375,1710.300048828125,1712.6700439453125,237529500
2026-05-25,1711.4300537109375,1713.5,1705.93994140625,1708.5,268009400
2026-05-26,1706.77001953125,1707.52001953125,1696.1400146484375,1699.02001953125,302403900
2026-05-28,1706.8299560546875,1707.9100341796875,1683.0799560546875,1684.9300537109375,372644800
2026-05-29,1688.1800537109375,1694.6500244140625,1680.5899658203125,1683.0699462890625,1664465000
2026-06-01,1688.1800537109375,1694.6500244140625,1680.5899658203125,1683.0699462890625,1664465000
2026-06-02,1688.1800537109375,1694.6500244140625,1680.5899658203125,1683.0699462890625,1664465000
2026-06-03,1687.1300048828125,1693.0899658203125,1672.739990234375,1672.739990234375,416284100
2026-06-04,1674.489990234375,1689.8299560546875,1673.699951171875,1683.260009765625,276628500
2026-06-05,1686.449951171875,1698.530029296875,1684.3599853515625,1693.4300537109375,238758500
2026-06-08,1683.5400390625,1684.1400146484375,1676.949951171875,1679.52001953125,179400500
2026-06-09,1687.9300537109375,1687.9300537109375,1675.0400390625,1675.5,202763800
2026-06-10,1676.050048828125,1684.219970703125,1673.6400146484375,1678.9599609375,209712400
2026-06-11,1677.3800048828125,1680.530029296875,1674.6500244140625,1679.530029296875,221709700
2026-06-12,1684.8699951171875,1685.3900146484375,1679.719970703125,1683.6300048828125,132982400
2026-06-15,1690.3900146484375,1697.47998046875,1688.0400390625,1691.3900146484375,286494100
2026-06-16,1691.3199462890625,1711.199951171875,1685.5699462890625,1709.989990234375,290148200
2026-06-18,1722.3499755859375,1722.6300048828125,1711.31005859375,1711.3900146484375,275773000
2026-06-19,1704.0400390625,1712.030029296875,1699.1800537109375,1712.030029296875,324539100
2026-06-22,1710.469970703125,1712.3199462890625,1699.93994140625,1700.8399658203125,151899100
2026-06-23,1703.0999755859375,1703.0999755859375,1679.9200439453125,1679.9200439453125,225825300
2026-06-24,1682.030029296875,1690.6600341796875,1680.489990234375,1682.1300048828125,154710400
2026-06-25,1684.449951171875,1685.1700439453125,1663.8199462890625,1663.8199462890625,216714100
2026-06-26,1664.5,1668.75,1659.739990234375,1667.739990234375,173707600
2026-06-29,1668.780029296875,1669.2099609375,1655.280029296875,1665.9100341796875,154504400
2026-06-30,1667.280029296875,1669.8800048828125,1661.800048828125,1664.06005859375,240522700
2026-07-01,1665.3499755859375,1670.989990234375,1656.8299560546875,1656.8299560546875,183116100
2026-07-02,1658.8199462890625,1666.260009765625,1657.77001953125,1661.8299560546875,148273400
2026-07-03,1665.72998046875,1682.6199951171875,1662.9100341796875,1679.050048828125,165190600
2026-07-06,1682.4000244140625,1685.489990234375,1678.3699951171875,1683.530029296875,111882100
2026-07-07,1683.4200439453125,1684.18994140625,1676.93994140625,1682.9300537109375,130880900
2026-07-08,1685.97998046875,1690.5699462890625,1679.300048828125,1683.6099853515625,158043700
2026-07-09,1680.989990234375,1683.800048828125,1676.1800537109375,1677.6400146484375,169270300
2026-07-10,1682.780029296875,1696.25,1682.780029296875,1691.489990234375,173519000
2026-07-13,1693.300048828125,1703.0999755859375,1685.739990234375,1698.43994140625,167312200
2026-07-14,1699.68994140625,1719.93994140625,1698.2099609375,1719.93994140625,202644700
2026-07-15,1720.6600341796875,1724.8299560546875,1712.8800048828125,1713.760009765625,175219300
2026-07-16,1716.760009765625,1726.75,1716.760009765625,1722.18994140625,195577300
2026-07-17,1719.8599853515625,1735.6700439453125,1719.56005859375,1731.449951171875,217428700
2026-07-20,1732.6500244140625,1733.760009765625,1720.050048828125,1722.2900390625,128070000
2026-07-21,1725.6199951171875,1726.8800048828125,1712.6600341796875,1720.3699951171875,137841400
2026-07-22,1719.8399658203125,1721.31005859375,1709.1500244140625,1711.3699951171875,164288900
2026-07-23,1714.3800048828125,1716.4300537109375,1709.050048828125,1714.5899658203125,145824600
2026-07-24,1710.449951171875,1710.800048828125,1697.760009765625,1701.02001953125,177175300
2026-07-27,1703.6500244140625,1718.31005859375,1702.3499755859375,1713.0899658203125,147159100
2026-07-28,1711.949951171875,1715.02001953125,1703.8299560546875,1712.47998046875,179145100
2026-07-29,1714.3900146484375,1720.5899658203125,1710.7900390625,1715.56005859375,169118100
2026-07-30,1714.4200439453125,1720.4000244140625,1710.68994140625,1720.4000244140625,160367000
2026-07-31,1721.22998046875,1730.1199951171875,1715.6700439453125,1724.9000244140625,259179700
2026-08-03,1725.260009765625,1729.719970703125,1719.469970703125,1725.72998046875,165737800
2026-08-04,1725.93994140625,1732.6600341796875,1722.780029296875,1732.6600341796875,202130300
2026-08-05,1736.3599853515625,1750.4100341796875,1732.6800537109375,1748.1700439453125,230534900
2026-08-06,1749.6500244140625,1749.6500244140625,1733.3800048828125,1737.1500244140625,194527100
2026-08-07,1735.219970703125,1739.1400146484375,1729.3399658203125,1735.75,273603000
2026-08-10,1735.8499755859375,1738.969970703125,1730.3499755859375,1735.3699951171875,146489400
2026-08-11,1735.4100341796875,1738.2099609375,1725.47998046875,1731.4599609375,218536000
2026-08-12,1731.469970703125,1741.6099853515625,1728.6400146484375,1741.6099853515625,261319500
2026-08-13,1742.7900390625,1742.7900390625,1732.8299560546875,1734.7099609375,213599500
2026-08-14,1734.719970703125,1734.719970703125,1726.77001953125,1727.3900146484375,192296600
2026-08-17,1726.93994140625,1731.449951171875,1722.1600341796875,1725.8900146484375,203394100
2026-08-18,1727.52001953125,1734.530029296875,1723.5999755859375,1733.3599853515625,195809400
2026-08-19,1731.969970703125,1733.43994140625,1725.949951171875,1731.3199462890625,179345200
2026-08-20,1732.1099853515625,1739.1300048828125,1732.1099853515625,1736.7099609375,305493900
2026-08-21,1736.0799560546875,1738.300048828125,1733.1300048828125,1736.47998046875,247093100
2026-08-24,1738.31005859375,1739.469970703125,1733.0699462890625,1736.3299560546875,157036700
2026-08-26,1739.4000244140625,1753.219970703125,1735.699951171875,1748.5400390625,293766700
2026-08-27,1752.6600341796875,1752.81005859375,1739.760009765625,1741.719970703125,230943400
